Species,CommonName,Name,T1,TaxonKey
NA,NA,NA,2550,2550
Miscellaneous diadromous fishes,Miscellaneous diadromous fishes,Miscellaneous diadromous fishes,100025,100025
Marine fishes not identified,Marine fishes not identified,Marine fishes not identified,100039,100039
Marine fishes not identified,Marine fishes not identified,Marine fishes not identified,100039,100039
Marine fishes not identified,Marine fishes not identified,Marine fishes not identified,100039,100039
Marine fishes not identified,Marine fishes not identified,Marine fishes not identified,100039,100039
Marine fishes not identified,Marine fishes not identified,Marine fishes not identified,100139,100039
Marine fishes not identified,Marine fishes not identified,Marine fishes not identified,100139,100039
Marine fishes not identified,Marine fishes not identified,Marine fishes not identified,100139,100039
Marine fishes not identified,Marine fishes not identified,Marine fishes not identified,100139,100039
Marine fishes not identified,Marine fishes not identified,Marine fishes not identified,100239,100039
Marine fishes not identified,Marine fishes not identified,Marine fishes not identified,100239,100039
Marine fishes not identified,Marine fishes not identified,Marine fishes not identified,100239,100039
Marine fishes not identified,Marine fishes not identified,Marine fishes not identified,100239,100039
Marine fishes not identified,Marine fishes not identified,Marine fishes not identified,100339,100039
Marine fishes not identified,Marine fishes not identified,Marine fishes not identified,100339,100039
Marine fishes not identified,Marine fishes not identified,Marine fishes not identified,100339,100039
Marine fishes not identified,Marine fishes not identified,Marine fishes not identified,100339,100039
Miscellaneous marine crustaceans,Miscellaneous marine crustaceans,Miscellaneous marine crustaceans,100047,100047
Oysters,Oysters,Oysters,100053,100053
Oysters,Oysters,Oysters,100053,100053
Oysters,Oysters,Oysters,100053,100053
Oysters,Oysters,Oysters,100053,100053
Oysters,Oysters,Oysters,590113,100053
Oysters,Oysters,Oysters,590113,100053
Oysters,Oysters,Oysters,590113,100053
Oysters,Oysters,Oysters,590113,100053
Mussels,Mussels,Mussels,100054,100054
Mussels,Mussels,Mussels,100054,100054
Mussels,Mussels,Mussels,100054,100054
Mussels,Mussels,Mussels,100054,100054
Mussels,Mussels,Mussels,590117,100054
Mussels,Mussels,Mussels,590117,100054
Mussels,Mussels,Mussels,590117,100054
Mussels,Mussels,Mussels,590117,100054
Miscellaneous marine molluscs,Miscellaneous marine molluscs,Miscellaneous marine molluscs,100058,100058
Marine fishes not identified,Marine fishes not identified,Marine fishes not identified,100039,100139
Marine fishes not identified,Marine fishes not identified,Marine fishes not identified,100039,100139
Marine fishes not identified,Marine fishes not identified,Marine fishes not identified,100039,100139
Marine fishes not identified,Marine fishes not identified,Marine fishes not identified,100039,100139
Marine fishes not identified,Marine fishes not identified,Marine fishes not identified,100139,100139
Marine fishes not identified,Marine fishes not identified,Marine fishes not identified,100139,100139
Marine fishes not identified,Marine fishes not identified,Marine fishes not identified,100139,100139
Marine fishes not identified,Marine fishes not identified,Marine fishes not identified,100139,100139
Marine fishes not identified,Marine fishes not identified,Marine fishes not identified,100239,100139
Marine fishes not identified,Marine fishes not identified,Marine fishes not identified,100239,100139
Marine fishes not identified,Marine fishes not identified,Marine fishes not identified,100239,100139
Marine fishes not identified,Marine fishes not identified,Marine fishes not identified,100239,100139
Marine fishes not identified,Marine fishes not identified,Marine fishes not identified,100339,100139
Marine fishes not identified,Marine fishes not identified,Marine fishes not identified,100339,100139
Marine fishes not identified,Marine fishes not identified,Marine fishes not identified,100339,100139
Marine fishes not identified,Marine fishes not identified,Marine fishes not identified,100339,100139
Marine fishes not identified,Marine fishes not identified,Marine fishes not identified,100039,100239
Marine fishes not identified,Marine fishes not identified,Marine fishes not identified,100039,100239
Marine fishes not identified,Marine fishes not identified,Marine fishes not identified,100039,100239
Marine fishes not identified,Marine fishes not identified,Marine fishes not identified,100039,100239
Marine fishes not identified,Marine fishes not identified,Marine fishes not identified,100139,100239
Marine fishes not identified,Marine fishes not identified,Marine fishes not identified,100139,100239
Marine fishes not identified,Marine fishes not identified,Marine fishes not identified,100139,100239
Marine fishes not identified,Marine fishes not identified,Marine fishes not identified,100139,100239
Marine fishes not identified,Marine fishes not identified,Marine fishes not identified,100239,100239
Marine fishes not identified,Marine fishes not identified,Marine fishes not identified,100239,100239
Marine fishes not identified,Marine fishes not identified,Marine fishes not identified,100239,100239
Marine fishes not identified,Marine fishes not identified,Marine fishes not identified,100239,100239
Marine fishes not identified,Marine fishes not identified,Marine fishes not identified,100339,100239
Marine fishes not identified,Marine fishes not identified,Marine fishes not identified,100339,100239
Marine fishes not identified,Marine fishes not identified,Marine fishes not identified,100339,100239
Marine fishes not identified,Marine fishes not identified,Marine fishes not identified,100339,100239
Marine fishes not identified,Marine fishes not identified,Marine fishes not identified,100039,100339
Marine fishes not identified,Marine fishes not identified,Marine fishes not identified,100039,100339
Marine fishes not identified,Marine fishes not identified,Marine fishes not identified,100039,100339
Marine fishes not identified,Marine fishes not identified,Marine fishes not identified,100039,100339
Marine fishes not identified,Marine fishes not identified,Marine fishes not identified,100139,100339
Marine fishes not identified,Marine fishes not identified,Marine fishes not identified,100139,100339
Marine fishes not identified,Marine fishes not identified,Marine fishes not identified,100139,100339
Marine fishes not identified,Marine fishes not identified,Marine fishes not identified,100139,100339
Marine fishes not identified,Marine fishes not identified,Marine fishes not identified,100239,100339
Marine fishes not identified,Marine fishes not identified,Marine fishes not identified,100239,100339
Marine fishes not identified,Marine fishes not identified,Marine fishes not identified,100239,100339
Marine fishes not identified,Marine fishes not identified,Marine fishes not identified,100239,100339
Marine fishes not identified,Marine fishes not identified,Marine fishes not identified,100339,100339
Marine fishes not identified,Marine fishes not identified,Marine fishes not identified,100339,100339
Marine fishes not identified,Marine fishes not identified,Marine fishes not identified,100339,100339
Marine fishes not identified,Marine fishes not identified,Marine fishes not identified,100339,100339
Elasmobranchii,"Sharks,Rays,Skates, etc, nei ","Sharks,Rays,Skates, etc, nei - Elasmobranchii",NA,200004
Cephalopoda,Cephalopods nei,Cephalopods nei - Cephalopoda,NA,290002
Bivalvia,"Clams etc, nei ","Clams etc, nei - Bivalvia",NA,290004
Gastropoda,Gastropods nei,Gastropods nei - Gastropoda,NA,290006
Crustacea,Marine crustaceans nei,Marine crustaceans nei - Crustacea,NA,290022
Chimaeriformes,"Chimaeras etc, nei ","Chimaeras etc, nei - Chimaeriformes",NA,300003
Squaliformes,"Dogfish sharks etc, nei ","Dogfish sharks etc, nei - Squaliformes",NA,300009
Rajiformes,"Rays, Stingrays,Mantas, nei ","Rays, Stingrays,Mantas, nei - Rajiformes",NA,300014
Gadiformes,Gadiformes nei,Gadiformes nei - Gadiformes,NA,300044
Perciformes,Pelagic percomorphs nei,Pelagic percomorphs nei - Perciformes,NA,300060
Perciformes,Demersal percomorphs nei,Demersal percomorphs nei - Perciformes,NA,300060
Pleuronectiformes,Flatfishes nei,Flatfishes nei - Pleuronectiformes,NA,300061
Lamnidae,"Mackerel sharks, Porbeagles, nei ","Mackerel sharks, Porbeagles, nei - Lamnidae",NA,400009
Scyliorhinidae,"Catsharks etc, nei ","Catsharks etc, nei - Scyliorhinidae",NA,400010
Carcharhinidae,Requiem sharks nei,Requiem sharks nei - Carcharhinidae,NA,400011
Squalidae,Dogfish sharks nei,Dogfish sharks nei - Squalidae,NA,400013
Squatinidae,"Angelsharks, Sand devils, nei ","Angelsharks, Sand devils, nei - Squatinidae",400015,400015
Rhinobatidae,"Guitarfishes etc, nei ","Guitarfishes etc, nei - Rhinobatidae",NA,400017
Torpedinidae,Electric rays nei,Electric rays nei - Torpedinidae,NA,400018
Rajidae,Rays and skates nei,Rays and skates nei - Rajidae,NA,400019
Dasyatidae,"Stingrays, Butterfly rays, nei ","Stingrays, Butterfly rays, nei - Dasyatidae",NA,400020
Myliobatidae,Eagle rays,Eagle rays - Myliobatidae,NA,400022
Acipenseridae,Sturgeons nei,Sturgeons nei - Acipenseridae,NA,400032
Clupeidae,"Herrings, Sardines, nei ","Herrings, Sardines, nei - Clupeidae",NA,400043
Muraenidae,Morays,Morays - Muraenidae,NA,400056
Congridae,"Conger eels etc, nei ","Conger eels etc, nei - Congridae",NA,400062
Salmonidae,Salmonids nei,Salmonids nei - Salmonidae,NA,400076
Ariidae,Sea catfishes nei,Sea catfishes nei - Ariidae,NA,400145
Synodontidae,Lizardfishes nei,Lizardfishes nei - Synodontidae,NA,400160
Moridae,Moras nei,Moras nei - Moridae,NA,400180
Macrouridae,"Grenadiers,Rattails, nei ","Grenadiers,Rattails, nei - Macrouridae",NA,400185
Lophiidae,Anglerfishes nei,Anglerfishes nei - Lophiidae,400190,400190
Exocoetidae,Flyingfishes nei,Flyingfishes nei - Exocoetidae,NA,400206
Belonidae,"Needlefishes etc, nei ","Needlefishes etc, nei - Belonidae",NA,400207
Scomberesocidae,Sauries nei,Sauries nei - Scomberesocidae,NA,400208
Atherinidae,Silversides(=Sand smelts) nei,Silversides(=Sand smelts) nei - Atherinidae,NA,400218
Trachichthyidae,Slimeheads nei,Slimeheads nei - Trachichthyidae,NA,400236
Berycidae,"Alfonsinos etc, nei ","Alfonsinos etc, nei - Berycidae",400240,400240
Holocentridae,Squirrelfishes nei,Squirrelfishes nei - Holocentridae,NA,400243
Zeidae,Dories nei,Dories nei - Zeidae,NA,400249
Caproidae,Boarfishes nei,Boarfishes nei - Caproidae,NA,400252
Scorpaenidae,Scorpionfishes nei,Scorpionfishes nei - Scorpaenidae,NA,400264
Triglidae,"Gurnards,Searobins nei ","Gurnards,Searobins nei - Triglidae",NA,400266
Serranidae,"Groupers, Seabasses, nei ","Groupers, Seabasses, nei - Serranidae",NA,400289
Priacanthidae,"Bigeyes,Glasseyes,Bulleyes, nei ","Bigeyes,Glasseyes,Bulleyes, nei - Priacanthidae",NA,400303
Apogonidae,"Cardinalfishes etc, nei ","Cardinalfishes etc, nei - Apogonidae",NA,400304
Carangidae,Carangids nei,Carangids nei - Carangidae,NA,400314
Lethrinidae,Emperors(=Scavengers) nei,Emperors(=Scavengers) nei - Lethrinidae,NA,400328
Sparidae,"Porgies, Seabreams, nei ","Porgies, Seabreams, nei - Sparidae",NA,400330
Sciaenidae,"Croakers,Drums, nei ","Croakers,Drums, nei - Sciaenidae",NA,400331
Mullidae,"Goatfishes,Red mullets, nei ","Goatfishes,Red mullets, nei - Mullidae",NA,400332
Kyphosidae,Sea chubs nei,Sea chubs nei - Kyphosidae,NA,400339
Mugilidae,Mullets nei,Mullets nei - Mugilidae,NA,400359
Sphyraenidae,"Barracudas etc, nei ","Barracudas etc, nei - Sphyraenidae",400360,400360
Polynemidae,"Threadfins,Tasselfishes, nei ","Threadfins,Tasselfishes, nei - Polynemidae",NA,400361
Labridae,"Wrasses,Hogfishes, etc, nei ","Wrasses,Hogfishes, etc, nei - Labridae",NA,400362
Trachinidae,Weeverfishes nei,Weeverfishes nei - Trachinidae,NA,400377
Blenniidae,Combtooth blennies,Combtooth blennies - Blenniidae,NA,400392
Gobiidae,Gobies nei,Gobies nei - Gobiidae,NA,400405
Acanthuridae,Surgeonfishes nei,Surgeonfishes nei - Acanthuridae,NA,400412
Gempylidae,"Snake mackerels, Escolars, nei ","Snake mackerels, Escolars, nei - Gempylidae",NA,400414
Trichiuridae,"Hairtails, Scabbardfishes, nei ","Hairtails, Scabbardfishes, nei - Trichiuridae",NA,400415
Scombridae,Mackerels nei,Mackerels nei - Scombridae,NA,400416
Istiophoridae,"Marlins, Sailfishes, etc nei ","Marlins, Sailfishes, etc nei - Istiophoridae",NA,400419
Centrolophidae,"Ruffs, Barrelfishes, nei ","Ruffs, Barrelfishes, nei - Centrolophidae",NA,400421
Stromateidae,"Butterfishes, Pomfrets, nei ","Butterfishes, Pomfrets, nei - Stromateidae",NA,400425
Bothidae,Lefteye flounders nei,Lefteye flounders nei - Bothidae,NA,400439
Pleuronectidae,Righteye flounders nei,Righteye flounders nei - Pleuronectidae,NA,400440
Soleidae,Soles nei,Soles nei - Soleidae,NA,400441
Balistidae,"Triggerfishes, Durgons, nei ","Triggerfishes, Durgons, nei - Balistidae",NA,400445
Tetraodontidae,Puffers nei,Puffers nei - Tetraodontidae,NA,400448
Triakidae,"Houndsharks, Smoothhounds, nei ","Houndsharks, Smoothhounds, nei - Triakidae",NA,400488
Monacanthidae,"Filefishes, leatherjackets nei ","Filefishes, leatherjackets nei - Monacanthidae",NA,400517
Ommastrephidae,Squids nei,Squids nei - Ommastrephidae,NA,490004
Loliginidae,Inshore squids nei,Inshore squids nei - Loliginidae,NA,490010
Octopodidae,"Octopuses etc, nei ","Octopuses etc, nei - Octopodidae",NA,490012
Palaemonidae,Palaemonid shrimps nei,Palaemonid shrimps nei - Palaemonidae,NA,490030
Portunidae,"Swimming crabs etc, nei ","Swimming crabs etc, nei - Portunidae",NA,490031
Lithodidae,"King crabs,Stone crabs, nei ","King crabs,Stone crabs, nei - Lithodidae",NA,490036
Palinuridae,Spiny lobsters nei,Spiny lobsters nei - Palinuridae,NA,490039
Scyllaridae,Slipper lobsters nei,Slipper lobsters nei - Scyllaridae,NA,490040
Aristeidae,Aristeid shrimps nei,Aristeid shrimps nei - Aristeidae,490042,490042
Penaeidae,Penaeid shrimps nei,Penaeid shrimps nei - Penaeidae,NA,490043
Crangonidae,Crangonid shrimps,Crangonid shrimps - Crangonidae,NA,490044
Pandalidae,Pandalid shrimps nei,Pandalid shrimps nei - Pandalidae,NA,490046
Squillidae,Squillids nei,Squillids nei - Squillidae,NA,490052
Mytilidae,Sea mussels nei,Sea mussels nei - Mytilidae,NA,490054
Pectinidae,Scallops nei,Scallops nei - Pectinidae,NA,490055
Cardiidae,Cockles nei,Cockles nei - Cardiidae,NA,490058
Veneridae,Venus clams nei,Venus clams nei - Veneridae,NA,490060
Solenidae,"Razor clams, Knife clams, nei ","Razor clams, Knife clams, nei - Solenidae",NA,490061
Mactridae,Mactra surf clams nei,Mactra surf clams nei - Mactridae,NA,490063
Brachyura,Marine crabs nei,Marine crabs nei - Brachyura,NA,490097
Galatheidae,"Craylets,squat lobsters ","Craylets,squat lobsters - Galatheidae",NA,490124
Ostreidae,Flat and cupped oysters nei,Flat and cupped oysters nei - Ostreidae,NA,490143
Coryphaena hippurus,Common dolphinfish,Common dolphinfish - Coryphaena hippurus,NA,600006
Argentina sphyraena,Argentine,Argentine - Argentina sphyraena,600020,600020
Clupea harengus,Atlantic herring,Atlantic herring - Clupea harengus,600024,600024
Glyptocephalus cynoglossus,Witch flounder,Witch flounder - Glyptocephalus cynoglossus,NA,600026
Lepidorhombus whiffiagonis,Megrim,Megrim - Lepidorhombus whiffiagonis,NA,600028
Merlangius merlangus,Whiting,Whiting - Merlangius merlangus,NA,600029
Merluccius merluccius,European hake,European hake - Merluccius merluccius,NA,600030
Micromesistius poutassou,Blue whiting (=Poutassou),Blue whiting (=Poutassou) - Micromesistius poutassou,NA,600031
Microchirus variegatus,Thickback sole,Thickback sole - Microchirus variegatus,NA,600032
Molva molva,Ling,Ling - Molva molva,NA,600033
Pollachius pollachius,Pollack,Pollack - Pollachius pollachius,NA,600034
Anguilla anguilla,European eel,European eel - Anguilla anguilla,NA,600035
Aphia minuta,Transparent goby,Transparent goby - Aphia minuta,NA,600039
Arnoglossus laterna,Mediterranean scaldfish,Mediterranean scaldfish - Arnoglossus laterna,NA,600041
Chelidonichthys cuculus,Red gurnard,Red gurnard - Chelidonichthys cuculus,NA,600044
Atherina presbyter,Sand smelt,Sand smelt - Atherina presbyter,NA,600045
Belone belone,Garfish,Garfish - Belone belone,NA,600047
Brosme brosme,Tusk (=Cusk),Tusk (=Cusk) - Brosme brosme,NA,600051
Capros aper,Boarfish,Boarfish - Capros aper,NA,600054
Cepola macrophthalma,Red bandfish,Red bandfish - Cepola macrophthalma,NA,600056
Coris julis,Mediterranean rainbow wrasse,Mediterranean rainbow wrasse - Coris julis,NA,600058
Symphodus melops,Corkwing wrasse,Corkwing wrasse - Symphodus melops,NA,600059
Cyclopterus lumpus,Lumpfish(=Lumpsucker),Lumpfish(=Lumpsucker) - Cyclopterus lumpus,NA,600062
Dicentrarchus labrax,European seabass,European seabass - Dicentrarchus labrax,NA,600063
Engraulis encrasicolus,European anchovy,European anchovy - Engraulis encrasicolus,NA,600066
Eutrigla gurnardus,Grey gurnard,Grey gurnard - Eutrigla gurnardus,NA,600068
Gadus morhua,Atlantic cod,Atlantic cod - Gadus morhua,600069,600069
Caranx hippos,Crevalle jack,Crevalle jack - Caranx hippos,NA,600071
Gobius niger,Black goby,Black goby - Gobius niger,NA,600072
Istiophorus albicans,Atlantic sailfish,Atlantic sailfish - Istiophorus albicans,600078,600078
Aprion virescens,Green jobfish,Green jobfish - Aprion virescens,NA,600084
Lamna nasus,Porbeagle,Porbeagle - Lamna nasus,NA,600088
Acanthocybium solandri,Wahoo,Wahoo - Acanthocybium solandri,NA,600089
Cetorhinus maximus,Basking shark,Basking shark - Cetorhinus maximus,600090,600090
Auxis rochei,Bullet tuna,Bullet tuna - Auxis rochei,NA,600093
Auxis thazard,Frigate tuna,Frigate tuna - Auxis thazard,NA,600094
Euthynnus alletteratus,Little tunny (=Atl.black skipjack),Little tunny (=Atl.black skipjack) - Euthynnus alletteratus,NA,600097
Alosa alosa,Allis shad,Allis shad - Alosa alosa,600101,600101
Gymnosarda unicolor,Dogtooth tuna,Dogtooth tuna - Gymnosarda unicolor,NA,600106
Katsuwonus pelamis,Skipjack tuna,Skipjack tuna - Katsuwonus pelamis,NA,600107
Orcynopsis unicolor,Plain bonito,Plain bonito - Orcynopsis unicolor,NA,600108
Sarda sarda,Atlantic bonito,Atlantic bonito - Sarda sarda,600115,600115
Scomber australasicus,Blue mackerel,Blue mackerel - Scomber australasicus,NA,600116
Scomber japonicus,Chub mackerel,Chub mackerel - Scomber japonicus,NA,600117
Scomber scombrus,Atlantic mackerel,Atlantic mackerel - Scomber scombrus,600118,600118
Somniosus microcephalus,Greenland shark,Greenland shark - Somniosus microcephalus,NA,600138
Squalus acanthias,Picked dogfish,Picked dogfish - Squalus acanthias,NA,600139
Thunnus alalunga,Albacore,Albacore - Thunnus alalunga,600142,600142
Thunnus albacares,Yellowfin tuna,Yellowfin tuna - Thunnus albacares,NA,600143
Thunnus atlanticus,Blackfin tuna,Blackfin tuna - Thunnus atlanticus,NA,600144
Thunnus maccoyii,Southern bluefin tuna,Southern bluefin tuna - Thunnus maccoyii,NA,600145
Thunnus obesus,Bigeye tuna,Bigeye tuna - Thunnus obesus,NA,600146
Thunnus thynnus,Atlantic bluefin tuna,Atlantic bluefin tuna - Thunnus thynnus,600147,600147
Lutjanus kasmira,Common bluestripe snapper,Common bluestripe snapper - Lutjanus kasmira,NA,600156
Pristipomoides filamentosus,Crimson jobfish,Crimson jobfish - Pristipomoides filamentosus,NA,600201
Boops boops,Bogue,Bogue - Boops boops,NA,600203
Sarpa salpa,Salema,Salema - Sarpa salpa,NA,600204
Makaira nigricans,Blue marlin,Blue marlin - Makaira nigricans,NA,600216
Tetrapturus pfluegeri,Longbill spearfish,Longbill spearfish - Tetrapturus pfluegeri,NA,600220
Xiphias gladius,Swordfish,Swordfish - Xiphias gladius,NA,600226
Albula vulpes,Bonefish,Bonefish - Albula vulpes,NA,600228
Alepocephalus bairdii,Baird's slickhead,Baird's slickhead - Alepocephalus bairdii,600230,600230
Coregonus albula,Vendace,Vendace - Coregonus albula,NA,600231
Coregonus lavaretus,European whitefish,European whitefish - Coregonus lavaretus,NA,600232
Salmo salar,Atlantic salmon,Atlantic salmon - Salmo salar,600236,600236
Salmo trutta,Sea trout,Sea trout - Salmo trutta,NA,600238
Oncorhynchus mykiss,Rainbow trout,Rainbow trout - Oncorhynchus mykiss,NA,600239
Centrolophus niger,Rudderfish,Rudderfish - Centrolophus niger,NA,600249
Schedophilus ovalis,Imperial blackfish,Imperial blackfish - Schedophilus ovalis,NA,600250
Mallotus villosus,Capelin,Capelin - Mallotus villosus,NA,600252
Glossanodon semifasciatus,Deepsea smelt,Deepsea smelt - Glossanodon semifasciatus,NA,600257
Esox lucius,Northern pike,Northern pike - Esox lucius,NA,600258
Tinca tinca,Tench,Tench - Tinca tinca,NA,600269
Carassius carassius,Crucian carp,Crucian carp - Carassius carassius,NA,600270
Rutilus rutilus,Roach,Roach - Rutilus rutilus,NA,600272
Hypophthalmichthys molitrix,Silver carp,Silver carp - Hypophthalmichthys molitrix,NA,600274
Pelecus cultratus,Sichel,Sichel - Pelecus cultratus,NA,600283
Silurus glanis,Wels(=Som) Catfish,Wels(=Som) Catfish - Silurus glanis,NA,600289
Conger conger,European conger,European conger - Conger conger,NA,600301
Salilota australis,Tadpole codling,Tadpole codling - Salilota australis,NA,600306
Gadus ogac,Greenland cod,Greenland cod - Gadus ogac,NA,600309
Lota lota,Burbot,Burbot - Lota lota,NA,600310
Urophycis chuss,Red hake,Red hake - Urophycis chuss,NA,600312
Urophycis tenuis,White hake,White hake - Urophycis tenuis,NA,600313
Microgadus tomcod,Atlantic tomcod,Atlantic tomcod - Microgadus tomcod,600316,600316
Theragra chalcogramma,Alaska pollock (=Walleye poll.),Alaska pollock (=Walleye poll.) - Theragra chalcogramma,600318,600318
Boreogadus saida,Polar cod,Polar cod - Boreogadus saida,NA,600319
Merluccius senegalensis,Senegalese hake,Senegalese hake - Merluccius senegalensis,NA,600321
Merluccius australis,Southern hake,Southern hake - Merluccius australis,NA,600322
Merluccius bilinearis,Silver hake,Silver hake - Merluccius bilinearis,NA,600323
Merluccius hubbsi,Argentine hake,Argentine hake - Merluccius hubbsi,600325,600325
Macruronus magellanicus,Patagonian grenadier,Patagonian grenadier - Macruronus magellanicus,NA,600329
Macrourus berglax,Roughhead grenadier,Roughhead grenadier - Macrourus berglax,NA,600331
Coryphaenoides rupestris,Roundnose grenadier,Roundnose grenadier - Coryphaenoides rupestris,NA,600332
Macroramphosus scolopax,Longspine snipefish,Longspine snipefish - Macroramphosus scolopax,NA,600333
Hoplostethus atlanticus,Orange roughy,Orange roughy - Hoplostethus atlanticus,NA,600334
Zenopsis conchifer,Silvery John dory,Silvery John dory - Zenopsis conchifer,NA,600336
Menidia menidia,Atlantic silverside,Atlantic silverside - Menidia menidia,600339,600339
Polyprion americanus,Wreckfish,Wreckfish - Polyprion americanus,NA,600349
Polyprion oxygeneios,Hapuku wreckfish,Hapuku wreckfish - Polyprion oxygeneios,NA,600350
Morone saxatilis,Striped bass,Striped bass - Morone saxatilis,NA,600353
Morone americana,White perch,White perch - Morone americana,NA,600355
Perca fluviatilis,European perch,European perch - Perca fluviatilis,NA,600358
Centropristis striata,Black seabass,Black seabass - Centropristis striata,NA,600361
Lopholatilus chamaeleonticeps,Great Northern tilefish,Great Northern tilefish - Lopholatilus chamaeleonticeps,NA,600362
Pomatomus saltatrix,Bluefish,Bluefish - Pomatomus saltatrix,NA,600364
Seriola lalandi,Yellowtail amberjack,Yellowtail amberjack - Seriola lalandi,NA,600382
Chloroscombrus chrysurus,Atlantic bumper,Atlantic bumper - Chloroscombrus chrysurus,600385,600385
Selar crumenophthalmus,Bigeye scad,Bigeye scad - Selar crumenophthalmus,NA,600387
Brama brama,Atlantic pomfret,Atlantic pomfret - Brama brama,600391,600391
Dicentrarchus punctatus,Spotted seabass,Spotted seabass - Dicentrarchus punctatus,NA,600394
Plectorhinchus mediterraneus,Rubberlip grunt,Rubberlip grunt - Plectorhinchus mediterraneus,NA,600398
Pomadasys argenteus,Silver grunt,Silver grunt - Pomadasys argenteus,NA,600399
Brachydeuterus auritus,Bigeye grunt,Bigeye grunt - Brachydeuterus auritus,NA,600400
Cynoscion regalis,Squeteague (=Gray weakfish),Squeteague (=Gray weakfish) - Cynoscion regalis,NA,600406
Argyrosomus regius,Meagre,Meagre - Argyrosomus regius,NA,600418
Pteroscion peli,Boe drum,Boe drum - Pteroscion peli,NA,600423
Epinephelus aeneus,White grouper,White grouper - Epinephelus aeneus,NA,600426
Pagellus bellottii,Red pandora,Red pandora - Pagellus bellottii,NA,600436
Dentex dentex,Common dentex,Common dentex - Dentex dentex,NA,600439
Dentex angolensis,Angolan dentex,Angolan dentex - Dentex angolensis,600440,600440
Stenotomus chrysops,Scup,Scup - Stenotomus chrysops,NA,600452
Pseudupeneus prayensis,West African goatfish,West African goatfish - Pseudupeneus prayensis,NA,600453
Dissostichus eleginoides,Patagonian toothfish,Patagonian toothfish - Dissostichus eleginoides,NA,600467
Zoarces viviparus,Eelpout,Eelpout - Zoarces viviparus,NA,600479
Trisopterus minutus,Poor cod,Poor cod - Trisopterus minutus,NA,600481
Genypterus capensis,Kingklip,Kingklip - Genypterus capensis,NA,600485
Brotula barbata,Bearded brotula,Bearded brotula - Brotula barbata,NA,600486
Thyrsites atun,Snoek,Snoek - Thyrsites atun,NA,600489
Sebastes mentella,Beaked redfish,Beaked redfish - Sebastes mentella,NA,600505
Reinhardtius hippoglossoides,Greenland halibut,Greenland halibut - Reinhardtius hippoglossoides,NA,600516
Limanda ferruginea,Yellowtail flounder,Yellowtail flounder - Limanda ferruginea,NA,600521
Pseudopleuronectes americanus,Winter flounder,Winter flounder - Pseudopleuronectes americanus,NA,600524
Solea solea,Common sole,Common sole - Solea solea,NA,600525
Scophthalmus rhombus,Brill,Brill - Scophthalmus rhombus,NA,600529
Stephanolepis cirrhifer,Threadsail filefish,Threadsail filefish - Stephanolepis cirrhifer,NA,600531
Lophius americanus,American angler,American angler - Lophius americanus,600532,600532
Labrus bergylta,Ballan wrasse,Ballan wrasse - Labrus bergylta,600572,600572
Heptranchias perlo,Sharpnose sevengill shark,Sharpnose sevengill shark - Heptranchias perlo,NA,600636
Hexanchus griseus,Bluntnose sixgill shark,Bluntnose sixgill shark - Hexanchus griseus,NA,600637
Echinorhinus brucus,Bramble shark,Bramble shark - Echinorhinus brucus,NA,600641
Lepidopus caudatus,Silver scabbardfish,Silver scabbardfish - Lepidopus caudatus,NA,600645
Aphanopus carbo,Black scabbardfish,Black scabbardfish - Aphanopus carbo,NA,600646
Centrophorus granulosus,Gulper shark,Gulper shark - Centrophorus granulosus,NA,600648
Centrophorus lusitanicus,Lowfin gulper shark,Lowfin gulper shark - Centrophorus lusitanicus,NA,600650
Centrophorus squamosus,Leafscale gulper shark,Leafscale gulper shark - Centrophorus squamosus,NA,600653
Centroscyllium fabricii,Black dogfish,Black dogfish - Centroscyllium fabricii,NA,600656
Centroscymnus coelolepis,Portuguese dogfish,Portuguese dogfish - Centroscymnus coelolepis,NA,600662
Centroscymnus crepidater,Longnose velvet dogfish,Longnose velvet dogfish - Centroscymnus crepidater,NA,600663
Dalatias licha,Kitefin shark,Kitefin shark - Dalatias licha,NA,600669
Deania calcea,Birdbeak dogfish,Birdbeak dogfish - Deania calcea,NA,600670
Etmopterus spinax,Velvet belly,Velvet belly - Etmopterus spinax,NA,600687
Lichia amia,Leerfish,Leerfish - Lichia amia,NA,600692
Limanda limanda,Common dab,Common dab - Limanda limanda,NA,600695
Scymnodon ringens,Knifetooth dogfish,Knifetooth dogfish - Scymnodon ringens,NA,600700
Somniosus rostratus,Little sleeper shark,Little sleeper shark - Somniosus rostratus,NA,600704
Lithognathus mormyrus,Sand steenbras,Sand steenbras - Lithognathus mormyrus,NA,600706
Lophius piscatorius,Angler(=Monk),Angler(=Monk) - Lophius piscatorius,600716,600716
Oxynotus centrina,Angular rough shark,Angular rough shark - Oxynotus centrina,600718,600718
Oxynotus paradoxus,Sailfin roughshark,Sailfin roughshark - Oxynotus paradoxus,NA,600719
Squatina squatina,Angelshark,Angelshark - Squatina squatina,600736,600736
Isurus oxyrinchus,Shortfin mako,Shortfin mako - Isurus oxyrinchus,NA,600752
Maurolicus muelleri,Silvery lightfish,Silvery lightfish - Maurolicus muelleri,NA,600754
Mugil cephalus,Flathead grey mullet,Flathead grey mullet - Mugil cephalus,NA,600785
Galeus melastomus,Blackmouth catshark,Blackmouth catshark - Galeus melastomus,NA,600807
Galeus murinus,Mouse catshark,Mouse catshark - Galeus murinus,NA,600808
Oblada melanura,Saddled seabream,Saddled seabream - Oblada melanura,NA,600850
Scyliorhinus stellaris,Nursehound,Nursehound - Scyliorhinus stellaris,NA,600854
Carcharhinus albimarginatus,Silvertip shark,Silvertip shark - Carcharhinus albimarginatus,NA,600858
Carcharhinus longimanus,Oceanic whitetip shark,Oceanic whitetip shark - Carcharhinus longimanus,NA,600875
Carcharhinus obscurus,Dusky shark,Dusky shark - Carcharhinus obscurus,NA,600878
Carcharhinus plumbeus,Sandbar shark,Sandbar shark - Carcharhinus plumbeus,NA,600880
Galeocerdo cuvier,Tiger shark,Tiger shark - Galeocerdo cuvier,NA,600886
Pagellus acarne,Axillary seabream,Axillary seabream - Pagellus acarne,600889,600889
Pagellus bogaraveo,Blackspot(=red) seabream,Blackspot(=red) seabream - Pagellus bogaraveo,NA,600890
Pagellus erythrinus,Common pandora,Common pandora - Pagellus erythrinus,NA,600893
Prionace glauca,Blue shark,Blue shark - Prionace glauca,NA,600898
Triaenodon obesus,Whitetip reef shark,Whitetip reef shark - Triaenodon obesus,NA,600907
Sphyrna lewini,Scalloped hammerhead,Scalloped hammerhead - Sphyrna lewini,NA,600912
Sphyrna zygaena,Smooth hammerhead,Smooth hammerhead - Sphyrna zygaena,NA,600917
Decapterus macarellus,Mackerel scad,Mackerel scad - Decapterus macarellus,NA,600993
Naucrates ductor,Pilotfish,Pilotfish - Naucrates ductor,NA,600998
Pseudocaranx dentex,White trevally,White trevally - Pseudocaranx dentex,NA,601002
Seriola dumerili,Greater amberjack,Greater amberjack - Seriola dumerili,NA,601005
Seriola rivoliana,Longfin yellowtail,Longfin yellowtail - Seriola rivoliana,NA,601007
Dactylopterus volitans,Flying gurnard,Flying gurnard - Dactylopterus volitans,NA,601021
Trisopterus esmarkii,Norway pout,Norway pout - Trisopterus esmarkii,NA,601023
Lepidocybium flavobrunneum,Escolar,Escolar - Lepidocybium flavobrunneum,NA,601042
Sardinella aurita,Round sardinella,Round sardinella - Sardinella aurita,NA,601043
Ruvettus pretiosus,Oilfish,Oilfish - Ruvettus pretiosus,NA,601044
Sardinella maderensis,Madeiran sardinella,Madeiran sardinella - Sardinella maderensis,NA,601047
Lampris guttatus,Opah,Opah - Lampris guttatus,NA,601072
Lobotes surinamensis,Tripletail,Tripletail - Lobotes surinamensis,NA,601077
Megalops atlanticus,Tarpon,Tarpon - Megalops atlanticus,NA,601079
Mugil incilis,Parassi mullet,Parassi mullet - Mugil incilis,NA,601089
Heteropriacanthus cruentatus,Glasseye,Glasseye - Heteropriacanthus cruentatus,NA,601150
Sparus aurata,Gilthead seabream,Gilthead seabream - Sparus aurata,NA,601164
Cynoscion acoupa,Acoupa weakfish,Acoupa weakfish - Cynoscion acoupa,601169,601169
Stromateus fiatola,Blue butterfish,Blue butterfish - Stromateus fiatola,NA,601198
Mycteroperca rubra,Mottled grouper,Mottled grouper - Mycteroperca rubra,NA,601214
Sphyraena barracuda,Great barracuda,Great barracuda - Sphyraena barracuda,NA,601235
Trachurus mediterraneus,Mediterranean horse mackerel,Mediterranean horse mackerel - Trachurus mediterraneus,NA,601278
Trachurus picturatus,Blue jack mackerel,Blue jack mackerel - Trachurus picturatus,NA,601279
Trichiurus lepturus,Largehead hairtail,Largehead hairtail - Trichiurus lepturus,NA,601288
Umbrina cirrosa,Shi drum,Shi drum - Umbrina cirrosa,NA,601306
Beryx decadactylus,Alfonsino,Alfonsino - Beryx decadactylus,601319,601319
Beryx splendens,Splendid alfonsino,Splendid alfonsino - Beryx splendens,NA,601320
Mullus surmuletus,Surmullet,Surmullet - Mullus surmuletus,NA,601327
Osmerus eperlanus,European smelt,European smelt - Osmerus eperlanus,NA,601334
Phycis blennoides,Greater forkbeard,Greater forkbeard - Phycis blennoides,NA,601340
Platichthys flesus,European flounder,European flounder - Platichthys flesus,NA,601341
Pleuronectes platessa,European plaice,European plaice - Pleuronectes platessa,NA,601342
Pollachius virens,Saithe(=Pollock),Saithe(=Pollock) - Pollachius virens,NA,601343
Sardina pilchardus,European pilchard(=Sardine),European pilchard(=Sardine) - Sardina pilchardus,NA,601350
Serranus cabrilla,Comber,Comber - Serranus cabrilla,NA,601353
Spondyliosoma cantharus,Black seabream,Black seabream - Spondyliosoma cantharus,NA,601356
Sprattus sprattus,European sprat,European sprat - Sprattus sprattus,NA,601357
Trachinus draco,Greater weever,Greater weever - Trachinus draco,NA,601363
Trachurus trachurus,Atlantic horse mackerel,Atlantic horse mackerel - Trachurus trachurus,601365,601365
Chelidonichthys lucerna,Tub gurnard,Tub gurnard - Chelidonichthys lucerna,NA,601366
Trisopterus luscus,Pouting (=Bib),Pouting (=Bib) - Trisopterus luscus,NA,601367
Zeus faber,John dory,John dory - Zeus faber,NA,601370
Hippoglossus hippoglossus,Atlantic halibut,Atlantic halibut - Hippoglossus hippoglossus,601371,601371
Melanogrammus aeglefinus,Haddock,Haddock - Melanogrammus aeglefinus,NA,601381
Microstomus kitt,Lemon sole,Lemon sole - Microstomus kitt,NA,601382
Molva dypterygia,Blue ling,Blue ling - Molva dypterygia,NA,601383
Etelis coruscans,Deepwater longtail red snapper,Deepwater longtail red snapper - Etelis coruscans,NA,601385
Lutjanus argentiventris,Yellow snapper,Yellow snapper - Lutjanus argentiventris,NA,601408
Cyprinus carpio,Common carp,Common carp - Cyprinus carpio,NA,601450
Sardinella gibbosa,Goldstripe sardinella,Goldstripe sardinella - Sardinella gibbosa,NA,601508
Alosa aestivalis,Blueback shad,Blueback shad - Alosa aestivalis,NA,601574
Alosa pseudoharengus,Alewife,Alewife - Alosa pseudoharengus,601583,601583
Ilisha africana,West African ilisha,West African ilisha - Ilisha africana,NA,601625
Anthias anthias,Swallowtail seaperch,Swallowtail seaperch - Anthias anthias,NA,601692
Chromis chromis,Damselfish,Damselfish - Chromis chromis,NA,601706
Sciaena umbra,Brown meagre,Brown meagre - Sciaena umbra,NA,601707
Muraena helena,Mediterranean moray,Mediterranean moray - Muraena helena,NA,601729
Gymnothorax unicolor,Brown moray,Brown moray - Gymnothorax unicolor,NA,601730
Mola mola,Ocean sunfish,Ocean sunfish - Mola mola,NA,601732
Molva macrophthalma,Spanish ling,Spanish ling - Molva macrophthalma,NA,601733
Molva macrophthalma,Spanish Ling,Spanish Ling - Molva macrophthalma,NA,601733
Mora moro,Common mora,Common mora - Mora moro,NA,601734
Liza aurata,Golden grey mullet,Golden grey mullet - Liza aurata,NA,601735
Liza saliens,Leaping mullet,Leaping mullet - Liza saliens,NA,601736
Phycis phycis,Forkbeard,Forkbeard - Phycis phycis,NA,601747
Diplodus puntazzo,Sharpsnout seabream,Sharpsnout seabream - Diplodus puntazzo,NA,601749
Diplodus annularis,Annular seabream,Annular seabream - Diplodus annularis,601752,601752
Pagrus pagrus,Red porgy,Red porgy - Pagrus pagrus,NA,601756
Scorpaena porcus,Black scorpionfish,Black scorpionfish - Scorpaena porcus,NA,601758
Scorpaena scrofa,Red scorpionfish,Red scorpionfish - Scorpaena scrofa,NA,601759
Serranus scriba,Painted comber,Painted comber - Serranus scriba,NA,601761
Sphyraena sphyraena,European barracuda,European barracuda - Sphyraena sphyraena,NA,601765
Spicara smaris,Picarel,Picarel - Spicara smaris,NA,601766
Trachinotus ovatus,Pompano,Pompano - Trachinotus ovatus,NA,601773
Uranoscopus scaber,Stargazer,Stargazer - Uranoscopus scaber,NA,601779
Acanthurus monroviae,Monrovia doctorfish,Monrovia doctorfish - Acanthurus monroviae,NA,601800
Tetrapturus belone,Mediterranean spearfish,Mediterranean spearfish - Tetrapturus belone,NA,601823
Lethrinus mahsena,Sky emperor,Sky emperor - Lethrinus mahsena,NA,601843
Campogramma glaycos,Vadigo,Vadigo - Campogramma glaycos,NA,601894
Caranx rhonchus,False scad,False scad - Caranx rhonchus,NA,601899
Carangoides fulvoguttatus,Yellowspotted trevally,Yellowspotted trevally - Carangoides fulvoguttatus,NA,601926
Caranx crysos,Blue runner,Blue runner - Caranx crysos,NA,601933
Antimora rostrata,Blue antimora,Blue antimora - Antimora rostrata,NA,602005
Pseudophycis bachus,Red codling,Red codling - Pseudophycis bachus,NA,602020
Raja clavata,Thornback ray,Thornback ray - Raja clavata,NA,602059
Dasyatis pastinaca,Common stingray,Common stingray - Dasyatis pastinaca,NA,602060
Acipenser sturio,Sturgeon,Sturgeon - Acipenser sturio,NA,602066
Huso huso,Beluga,Beluga - Huso huso,NA,602067
Kyphosus sectatrix,Bermuda sea chub,Bermuda sea chub - Kyphosus sectatrix,NA,602498
Chelon labrosus,Thicklip grey mullet,Thicklip grey mullet - Chelon labrosus,NA,602499
Thalassoma pavo,Ornate wrasse,Ornate wrasse - Thalassoma pavo,NA,602500
Anarhichas lupus,Atlantic wolffish,Atlantic wolffish - Anarhichas lupus,602501,602501
Chimaera monstrosa,Rabbit fish,Rabbit fish - Chimaera monstrosa,NA,602503
Epigonus telescopus,Black cardinal fish,Black cardinal fish - Epigonus telescopus,NA,602508
Petromyzon marinus,Sea lamprey,Sea lamprey - Petromyzon marinus,NA,602530
Alopias superciliosus,Bigeye thresher,Bigeye thresher - Alopias superciliosus,NA,602534
Alopias vulpinus,Thresher,Thresher - Alopias vulpinus,NA,602535
Dasyatis centroura,Roughtail stingray,Roughtail stingray - Dasyatis centroura,NA,602572
Gymnura altavela,Spiny butterfly ray,Spiny butterfly ray - Gymnura altavela,NA,602577
Argentina silus,Greater argentine,Greater argentine - Argentina silus,NA,602700
Leuciscus idus,Orfe (=Ide),Orfe (=Ide) - Leuciscus idus,NA,602801
Scardinius erythrophthalmus,Rudd,Rudd - Scardinius erythrophthalmus,NA,602951
Rachycentron canadum,Cobia,Cobia - Rachycentron canadum,NA,603542
Anarhichas denticulatus,Northern wolffish,Northern wolffish - Anarhichas denticulatus,NA,603810
Anarhichas minor,Spotted wolffish,Spotted wolffish - Anarhichas minor,NA,603811
Tetrapturus angustirostris,Shortbill spearfish,Shortbill spearfish - Tetrapturus angustirostris,NA,603915
Hippoglossoides platessoides,American plaice(=Long rough dab),American plaice(=Long rough dab) - Hippoglossoides platessoides,604239,604239
Raja montagui,Spotted ray,Spotted ray - Raja montagui,NA,604329
Myliobatis aquila,Common eagle ray,Common eagle ray - Myliobatis aquila,NA,604330
Dentex gibbosus,Pink dentex,Pink dentex - Dentex gibbosus,NA,604536
Dentex maroccanus,Morocco dentex,Morocco dentex - Dentex maroccanus,NA,604538
Dentex canariensis,Canary dentex,Canary dentex - Dentex canariensis,NA,604539
Siganus rivulatus,Marbled spinefoot,Marbled spinefoot - Siganus rivulatus,NA,604545
Umbrina canariensis,Canary drum (=Baardman),Canary drum (=Baardman) - Umbrina canariensis,NA,604548
Raja brachyura,Blonde ray,Blonde ray - Raja brachyura,NA,604552
Trachyrincus scabrus,Roughsnout grenadier,Roughsnout grenadier - Trachyrincus scabrus,NA,604556
Xyrichtys novacula,Pearly razorfish,Pearly razorfish - Xyrichtys novacula,NA,604581
Labrus merula,Brown wrasse,Brown wrasse - Labrus merula,NA,604582
Liza ramada,Thinlip grey mullet,Thinlip grey mullet - Liza ramada,NA,604583
Siganus luridus,Dusky spinefoot,Dusky spinefoot - Siganus luridus,NA,604613
Galeorhinus galeus,Tope shark,Tope shark - Galeorhinus galeus,NA,604642
Pomadasys jubelini,Sompat grunt,Sompat grunt - Pomadasys jubelini,NA,604708
Sphyraena jello,Pickhandle barracuda,Pickhandle barracuda - Sphyraena jello,NA,604827
Spicara maena,Blotched picarel,Blotched picarel - Spicara maena,NA,604887
Citharus linguatula,Spotted flounder,Spotted flounder - Citharus linguatula,NA,604943
Elops lacerta,West African ladyfish,West African ladyfish - Elops lacerta,NA,604959
Nezumia aequalis,Common Atlantic grenadier,Common Atlantic grenadier - Nezumia aequalis,NA,604997
Pomadasys incisus,Bastard grunt,Bastard grunt - Pomadasys incisus,605003,605003
Pontinus kuhlii,Offshore rockfish,Offshore rockfish - Pontinus kuhlii,NA,605007
Promethichthys prometheus,Roudi escolar,Roudi escolar - Promethichthys prometheus,NA,605008
Pseudotolithus senegallus,Law croaker,Law croaker - Pseudotolithus senegallus,NA,605009
Raja miraletus,Brown ray,Brown ray - Raja miraletus,NA,605014
Trigla lyra,Piper gurnard,Piper gurnard - Trigla lyra,NA,605038
Pagrus auriga,Redbanded seabream,Redbanded seabream - Pagrus auriga,NA,605066
Psettodes bennettii,Spiny turbot,Spiny turbot - Psettodes bennettii,NA,605068
Lophius budegassa,Blackbellied angler,Blackbellied angler - Lophius budegassa,NA,605094
Borostomias antarcticus,Snaggletooth,Snaggletooth - Borostomias antarcticus,NA,605098
Epinephelus fasciatus,Blacktip grouper,Blacktip grouper - Epinephelus fasciatus,NA,605348
Epinephelus morrhua,Comet grouper,Comet grouper - Epinephelus morrhua,NA,605353
Alosa fallax,Twaite shad,Twaite shad - Alosa fallax,NA,605355
Halobatrachus didactylus,Lusitanian toadfish,Lusitanian toadfish - Halobatrachus didactylus,NA,605429
Fistularia commersonii,Bluespotted cornetfish,Bluespotted cornetfish - Fistularia commersonii,NA,605444
Kyphosus vaigiensis,Brassy chub,Brassy chub - Kyphosus vaigiensis,NA,605806
Pseudocarcharias kamoharai,Crocodile shark,Crocodile shark - Pseudocarcharias kamoharai,NA,605923
Mustelus asterias,Starry smoothhound,Starry smoothhound - Mustelus asterias,NA,605938
Mulloidichthys flavolineatus,Yellowstripe goatfish,Yellowstripe goatfish - Mulloidichthys flavolineatus,NA,605983
Cephalopholis miniata,Coral hind,Coral hind - Cephalopholis miniata,NA,606450
Cephalopholis sonnerati,Tomato hind,Tomato hind - Cephalopholis sonnerati,NA,606454
Epinephelus marginatus,Dusky grouper,Dusky grouper - Epinephelus marginatus,NA,606470
Muraenolepis microps,Smalleye moray cod,Smalleye moray cod - Muraenolepis microps,NA,607126
Balistes capriscus,Grey triggerfish,Grey triggerfish - Balistes capriscus,NA,607327
Polymixia nobilis,Stout beardfish,Stout beardfish - Polymixia nobilis,NA,607557
Raja undulata,Undulate ray,Undulate ray - Raja undulata,NA,607617
Mobula mobular,Devil fish,Devil fish - Mobula mobular,NA,607618
Sorsogona prionota,Halfspined flathead,Halfspined flathead - Sorsogona prionota,NA,607897
Aphanopus intermedius,Intermediate scabbardfish,Intermediate scabbardfish - Aphanopus intermedius,NA,608540
Solea senegalensis,Senegalese sole,Senegalese sole - Solea senegalensis,NA,608852
Raja asterias,Mediterranean starry ray,Mediterranean starry ray - Raja asterias,NA,608924
Spectrunculus grandis,Spectrunculus grandis,Spectrunculus grandis,NA,608991
Rhinochimaera atlantica,Straightnose rabbitfish,Straightnose rabbitfish - Rhinochimaera atlantica,NA,609005
Gymnothorax maderensis,Sharktooth moray,Sharktooth moray - Gymnothorax maderensis,NA,609033
Epinephelus caninus,Dogtooth grouper,Dogtooth grouper - Epinephelus caninus,NA,609217
Patagonotothen ramsayi,Longtail Southern cod,Longtail Southern cod - Patagonotothen ramsayi,NA,610308
Abudefduf luridus,Canary damsel,Canary damsel - Abudefduf luridus,NA,611820
Sparisoma cretense,Parrotfish,Parrotfish - Sparisoma cretense,NA,613025
Mesogobius batrachocephalus,Knout goby,Knout goby - Mesogobius batrachocephalus,NA,616305
Pandalus montagui,Aesop shrimp,Aesop shrimp - Pandalus montagui,690003,690003
Illex argentinus,Argentine shortfin squid,Argentine shortfin squid - Illex argentinus,690023,690023
Argopecten irradians,Atlantic bay scallop,Atlantic bay scallop - Argopecten irradians,690030,690030
Xiphopenaeus kroyeri,Atlantic seabob,Atlantic seabob - Xiphopenaeus kroyeri,690032,690032
Spisula solidissima,Surf clam,Surf clam - Spisula solidissima,NA,690033
Aristeus antennatus,Blue and red shrimp,Blue and red shrimp - Aristeus antennatus,NA,690051
Mytilus edulis,Blue mussel,Blue mussel - Mytilus edulis,NA,690053
Illex coindetii,Broadtail shortfin squi,Broadtail shortfin squi - Illex coindetii,NA,690059
Loligo vulgaris,European squid,European squid - Loligo vulgaris,NA,690067
Panulirus argus,Caribbean spiny lobster,Caribbean spiny lobster - Panulirus argus,NA,690071
Sepia officinalis,Common cuttlefish,Common cuttlefish - Sepia officinalis,NA,690085
Octopus vulgaris,Common octopus,Common octopus - Octopus vulgaris,NA,690088
Littorina littorea,Common periwinkle,Common periwinkle - Littorina littorea,NA,690089
Palaemon serratus,Common prawn,Common prawn - Palaemon serratus,NA,690090
Crangon crangon,Common shrimp,Common shrimp - Crangon crangon,NA,690091
Palinurus elephas,Common spiny lobster,Common spiny lobster - Palinurus elephas,NA,690092
Parapenaeus longirostris,Deepwater rose shrimp,Deepwater rose shrimp - Parapenaeus longirostris,NA,690109
Cancer pagurus,Edible crab,Edible crab - Cancer pagurus,NA,690119
Ostrea edulis,European flat oyster,European flat oyster - Ostrea edulis,NA,690123
Todarodes sagittatus,European flying squid,European flying squid - Todarodes sagittatus,NA,690124
Homarus gammarus,European lobster,European lobster - Homarus gammarus,NA,690125
Penaeus monodon,Giant tiger prawn,Giant tiger prawn - Penaeus monodon,NA,690151
Pecten maximus,Great Atlantic scallop,Great Atlantic scallop - Pecten maximus,NA,690156
Pecten jacobaeus,Great Mediterranean scallop,Great Mediterranean scallop - Pecten jacobaeus,NA,690157
Carcinus maenas,Green crab,Green crab - Carcinus maenas,NA,690158
Chlamys islandica,Icelandic scallop,Icelandic scallop - Chlamys islandica,NA,690185
Ruditapes philippinarum,Japanese carpet shell,Japanese carpet shell - Ruditapes philippinarum,NA,690196
Corbicula manilensis,Manila clam,Manila clam - Corbicula manilensis,NA,690233
Mytilus galloprovincialis,Mediterranean mussel,Mediterranean mussel - Mytilus galloprovincialis,NA,690241
Carcinus aestuarii,Mediterranean shore craB,Mediterranean shore craB - Carcinus aestuarii,NA,690242
Pecten novaezelandiae,New Zealand scallop,New Zealand scallop - Pecten novaezelandiae,NA,690259
Pandalus borealis,Northern prawn,Northern prawn - Pandalus borealis,NA,690269
Mercenaria mercenaria,Northern quahog(=Hard clam),Northern quahog(=Hard clam) - Mercenaria mercenaria,NA,690270
Illex illecebrosus,Northern shortfin squid,Northern shortfin squid - Illex illecebrosus,NA,690271
Nephrops norvegicus,Norway lobster,Norway lobster - Nephrops norvegicus,NA,690273
Arctica islandica,Ocean quahog,Ocean quahog - Arctica islandica,NA,690275
Crassostrea gigas,Pacific cupped oyster,Pacific cupped oyster - Crassostrea gigas,NA,690283
Loligo gahi,Patagonian squid,Patagonian squid - Loligo gahi,NA,690296
Palinurus mauritanicus,Pink spiny lobster,Pink spiny lobster - Palinurus mauritanicus,NA,690305
Chionoecetes opilio,Queen crab,Queen crab - Chionoecetes opilio,NA,690313
Asterias rubens,Red starfish,Red starfish - Asterias rubens,NA,690324
Panulirus regius,Royal spiny lobster,Royal spiny lobster - Panulirus regius,NA,690336
Mya arenaria,Soft clam,Soft clam - Mya arenaria,NA,690337
Martialia hyadesi,Sevenstar flying squid,Sevenstar flying squid - Martialia hyadesi,NA,690354
Maja squinado,Spinous spider crab,Spinous spider crab - Maja squinado,NA,690387
Squilla mantis,Spottail mantis squillid,Spottail mantis squillid - Squilla mantis,NA,690392
Lithodes maia,Stone king crab,Stone king crab - Lithodes maia,NA,690399
Aristeus varidens,Striped red shrimp,Striped red shrimp - Aristeus varidens,NA,690403
Chamelea gallina,Striped venus,Striped venus - Chamelea gallina,NA,690404
Haliotis tuberculata,Tuberculate abalone,Tuberculate abalone - Haliotis tuberculata,NA,690420
Necora puber,Velvet swimcrab,Velvet swimcrab - Necora puber,NA,690425
Patinopecten caurinus,Weathervane scallop,Weathervane scallop - Patinopecten caurinus,NA,690429
Buccinum undatum,Whelk,Whelk - Buccinum undatum,NA,690434
Scyllarides latus,Mediterranean slipper lobster,Mediterranean slipper lobster - Scyllarides latus,NA,690598
Cerastoderma edule,Common edible cockle,Common edible cockle - Cerastoderma edule,NA,690605
Paralithodes camtschaticus,Red king crab,Red king crab - Paralithodes camtschaticus,NA,690621
Venerupis pullastra,Carpet shell,Carpet shell - Venerupis pullastra,NA,690630
Spisula ovalis,Oval surf clam,Oval surf clam - Spisula ovalis,NA,690631
Spisula solida,Solid surf clam,Solid surf clam - Spisula solida,NA,690671
Glycymeris glycymeris,Common European bittersweet,Common European bittersweet - Glycymeris glycymeris,NA,690678
Palaemon longirostris,Delta prawn,Delta prawn - Palaemon longirostris,NA,690680
Aristaeomorpha foliacea,Giant red shrimp,Giant red shrimp - Aristaeomorpha foliacea,NA,690683
Scrobicularia plana,Peppery furrow,Peppery furrow - Scrobicularia plana,NA,690687
Bolinus brandaris,Purple dye murex,Purple dye murex - Bolinus brandaris,NA,690689
Callista chione,Smooth callista,Smooth callista - Callista chione,NA,690690
Venus verrucosa,Warty venus,Warty venus - Venus verrucosa,NA,690693
Acanthocardia tuberculata,Tuberculate cockle,Tuberculate cockle - Acanthocardia tuberculata,NA,690752
Ensis ensis,Pod razor shell,Pod razor shell - Ensis ensis,NA,690754
Ensis siliqua,Sword razor shell,Sword razor shell - Ensis siliqua,NA,690755
Laevicardium crassum,Norwegian egg cockle,Norwegian egg cockle - Laevicardium crassum,NA,690756
Palaemonetes varians,Atlantic ditch shrimp,Atlantic ditch shrimp - Palaemonetes varians,690758,690758
Pharus legumen,Bean solen,Bean solen - Pharus legumen,NA,690759
Ranina ranina,Spanner crab,Spanner crab - Ranina ranina,NA,690883
Rapana venosa,Thomas' rapa whelk,Thomas' rapa whelk - Rapana venosa,NA,690897
Anomura,Anomuran decapods nei,Anomuran decapods nei - Anomura,,NA
Anthozoa,Anthozoa,Anthozoa,,NA
Aphanopus spp,Aphanopus spp,Aphanopus spp,,NA
Aquatic animals,Aquatic animals,Aquatic animals,100000,100000
Diadromous fishes,Diadromous fishes,Diadromous fishes,100025,100025
Marine fishes,Marine fishes,Marine fishes,100039,100039
Solenocera membranacea,Atlantic mud shrimp,Atlantic mud shrimp - Solenocera membranacea,100045,100045
Invertebrata,Aquatic invertebrates nei,Aquatic invertebrates nei - Invertebrata,100077,100077
Crustaceans,Crustaceans,Crustaceans,290022,290022
Deania profundorum,Arrowhead dogfish,Arrowhead dogfish - Deania profundorum,300009,300009
Alloteuthis africana,African squid,African squid - Alloteuthis africana,390002,390002
"Abalones, winkles, conchs","Abalones, winkles, conchs","Abalones, winkles, conchs",390011,390011
Synodus saurus,Atlantic lizardfish,Atlantic lizardfish - Synodus saurus,400160,400160
Lampadena anoma,Anomalous lanternfish,Anomalous lanternfish - Lampadena anoma,400167,400167
Gobius spp,Atlantic gobies nei,Atlantic gobies nei - Gobius spp,400405,400405
Peristedion cataphractum,African armoured searobin,African armoured searobin - Peristedion cataphractum,400581,400581
Alloteuthis spp,Alloteuthis spp,Alloteuthis spp,490010,490010
Liocarcinus arcuatus,Arched swimming crab,Arched swimming crab - Liocarcinus arcuatus,490031,490031
Argentina spp,Argentines,Argentines - Argentina spp,500147,500147
"Alosa alosa, A.fallax",Allis and twaid shads,"Allis and twaid shads - Alosa alosa, A.fallax",500352,500352
Shads,Shads,Shads,500352,500352
Sphyraena spp,Barracudas nei,Barracudas nei - Sphyraena spp,500372,500372
Prionotus spp,Atlantic searobins,Atlantic searobins - Prionotus spp,500495,500495
Solea impar,Adriatic sole,Adriatic sole - Solea impar,500618,500618
Galeus boardmani,Australian sawtail catshark,Australian sawtail catshark - Galeus boardmani,500640,500640
Seriola spp,Amberjacks nei,Amberjacks nei - Seriola spp,500928,500928
Beryx spp,Alfonsinos nei,Alfonsinos nei - Beryx spp,501129,501129
Sebastes spp,Atlantic redfishes nei,Atlantic redfishes nei - Sebastes spp,501135,501135
like fishes nei,Tuna,Tuna-like fishes nei - Scombroidei,501905,501905
Paralepididae,Barracudinas nei,Barracudinas nei - Paralepididae,505460,505460
Sepia bertheloti,African cuttlefish,African cuttlefish - Sepia bertheloti,590011,590011
Heterocarpus ensifer,Armed nylon shrimp,Armed nylon shrimp - Heterocarpus ensifer,590090,590090
Plesionika heterocarpus,Arrow shrimp,Arrow shrimp - Plesionika heterocarpus,590090,590090
Arca spp,Ark clams nei,Ark clams nei - Arca spp,590125,590125
limpet,American slipper,American slipper-limpet - Crepidula fornicata,590242,590242
Tetrapturus albidus,Atlantic white marlin,Atlantic white marlin - Tetrapturus albidus,600219,600219
Salvelinus alpinus,Arctic char,Arctic char - Salvelinus alpinus,600247,600247
Scomberesox saurus,Atlantic saury,Atlantic saury - Scomberesox saurus,601084,601084
Alectis alexandrinus,Alexandria pompano,Alexandria pompano - Alectis alexandrinus,601888,601888
Trachyscorpia cristulata,Atlantic thornyhead,Atlantic thornyhead - Trachyscorpia cristulata,604011,604011
Aspius aspius,Asp,Asp - Aspius aspius,604783,604783
Raja georgiana,Antarctic starry skate,Antarctic starry skate - Raja georgiana,606953,606953
Parapristipoma octolinea,African striped grunt,African striped grunt - Parapristipoma octolinea,608092,608092
Raja hyperborea,Arctic skate,Arctic skate - Raja hyperborea,609256,609256
Mitella pollicipes,Barnacle,Barnacle - Mitella pollicipes,690043,690043
Venerupis rhomboides,Banded carpet shell,Banded carpet shell - Venerupis rhomboides,690675,690675
"Auxis thazard, A.rochei",Frigate and bullet tuna,"Frigate and bullet tuna - Auxis thazard, A.rochei",NA,501163
"Loliginidae, Ommastrephidae",Various squids nei,"Various squids nei - Loliginidae, Ommastrephidae",NA,390002
"Merluccius capensis,M.paradox.",Cape hakes,"Cape hakes - Merluccius capensis,M.paradox.",NA,500654
"Sepiidae, Sepiolidae","Cuttlefish, Bobtail squids, nei ","Cuttlefish, Bobtail squids, nei - Sepiidae, Sepiolidae",NA,390006
"Squalidae, Scyliorhinidae","Dogfishes,Hounds, nei ","Dogfishes,Hounds, nei - Squalidae, Scyliorhinidae",NA,200007
Abramis brama,Freshwater bream,Freshwater bream - Abramis brama,NA,NA
Abramis spp,Freshwater breams nei,Freshwater breams nei - Abramis spp,NA,NA
Acanthocardia echinata,European prickly cockle,European prickly cockle - Acanthocardia echinata,NA,490058
Acanthocardia paucicostata,Poorly ribbed cockle,Poorly ribbed cockle - Acanthocardia paucicostata,NA,490058
Actinia cari,Girdle anemone,Girdle anemone - Actinia cari,NA,NA
Alburnus alburnus,Bleak,Bleak - Alburnus alburnus,NA,NA
Algae,Seaweeds nei,Seaweeds nei - Algae,NA,NA
Alloteuthis media,Midsize squid,Midsize squid - Alloteuthis media,NA,390002
Alloteuthis subulata,European common squid,European common squid - Alloteuthis subulata,NA,390002
Alopias spp,Tresher sharks nei,Tresher sharks nei - Alopias spp,NA,500639
Alosa caspia,Caspian shad,Caspian shad - Alosa caspia,NA,601577
Alosa maeotica,Black Sea shad,Black Sea shad - Alosa maeotica,NA,500352
Alosa pontica,Pontic shad,Pontic shad - Alosa pontica,NA,500352
Alosa spp,Shads nei,Shads nei - Alosa spp,NA,500352
Aluterus monoceros,Unicorn leatherjacket filefish,Unicorn leatherjacket filefish - Aluterus monoceros,NA,500854
Amblygobius albimaculatus,Butterfly goby,Butterfly goby - Amblygobius albimaculatus,NA,400405
Ammodytes spp,Sandeels(=Sandlances) nei,Sandeels(=Sandlances) nei - Ammodytes spp,NA,500124
Ammodytes tobianus,Small sandeel,Small sandeel - Ammodytes tobianus,NA,500124
Anarhichas spp,Wolffishes (=Catfishes) nei,Wolffishes (=Catfishes) nei - Anarhichas spp,NA,505897
Anchovia macrolepidota,Bigscale anchovy,Bigscale anchovy - Anchovia macrolepidota,NA,100035
and,Blue,Blue-and-yellow grouper - Epinephelus flavocaeruleus,NA,500366
Anemonia sulcata,Snakelocks anemone,Snakelocks anemone - Anemonia sulcata,NA,NA
Anguilla spp,River eels nei,River eels nei - Anguilla spp,NA,509279
Apogon imberbis,Cardinal fish,Cardinal fish - Apogon imberbis,NA,400304
Apogonichthys perdix,Perdix cardinalfish,Perdix cardinalfish - Apogonichthys perdix,NA,400304
Apristurus laurussonii,Iceland catshark,Iceland catshark - Apristurus laurussonii,NA,NA
Aquatic mammals,Aquatic mammals,Aquatic mammals,NA,NA
Aquatic plants,Aquatic plants,Aquatic plants,NA,NA
Arbacia lixula,Black sea urchin,Black sea urchin - Arbacia lixula,NA,490138
Arca noae,Noah's ark,Noah's ark - Arca noae,NA,NA
Arctocephalus gazella,Antarctic fur seal,Antarctic fur seal - Arctocephalus gazella,NA,NA
Arenaeus cribarius,Speckled swimcrab,Speckled swimcrab - Arenaeus cribarius,NA,390013
Arenicola marina,Lugworm,Lugworm - Arenicola marina,NA,NA
Argis lar,Kuro shrimp,Kuro shrimp - Argis lar,NA,100045
Argyrosomus spp,Meagres nei,Meagres nei - Argyrosomus spp,NA,NA
Arius maculatus,Spotted catfish,Spotted catfish - Arius maculatus,NA,501682
armed squid,Long,Long-armed squid - Chiroteuthis veranyi,NA,390002
Arnoglossus imperialis,Imperial scaldfish,Imperial scaldfish - Arnoglossus imperialis,NA,NA
Arnoglossus kessleri,Scaldback,Scaldback - Arnoglossus kessleri,NA,NA
Arnoglossus thori,Thor's scaldfish,Thor's scaldfish - Arnoglossus thori,NA,NA
Ascophyllum nodosum,North Atlantic rockweed,North Atlantic rockweed - Ascophyllum nodosum,NA,NA
Asparagopsis armata,Red harpoon,Red harpoon - Asparagopsis armata,NA,NA
Astacus astacus,Noble crayfish,Noble crayfish - Astacus astacus,NA,590060
Atherina hepsetus,Mediterranean sand smelt,Mediterranean sand smelt - Atherina hepsetus,NA,400080
Atrina fragilis,Brittle pen shell,Brittle pen shell - Atrina fragilis,NA,NA
Aurelia aurita,Common jellyfish,Common jellyfish - Aurelia aurita,NA,NA
Balaenoptera acutorostra,Minke whale,Minke whale - Balaenoptera acutorostra,NA,NA
Balistes vetula,Queen triggerfish,Queen triggerfish - Balistes vetula,NA,400445
banded seabream,Common two,Common two-banded seabream - Diplodus vulgaris,NA,601754
barred Spanish mackerel,Narrow,Narrow-barred Spanish mackerel - Scomberomorus commerson,NA,600121
Bathyraja spp,Bathyraja rays nei,Bathyraja rays nei - Bathyraja spp,NA,508611
Bathysolea profundicola,Deep water sole,Deep water sole - Bathysolea profundicola,NA,400441
Batoidimorpha (Hypotremata),Batoid fishes nei,Batoid fishes nei - Batoidimorpha (Hypotremata),NA,300063
bearded rockling,Three,Three-bearded rockling - Gaidropsarus vulgaris,NA,500686
Blennius ocellaris,Butterfly blenny,Butterfly blenny - Blennius ocellaris,NA,400392
Blicca bjoerkna,White bream,White bream - Blicca bjoerkna,NA,NA
Bodianus spp,Bodianus spp,Bodianus spp,NA,NA
Brachypterois serrulata,Brachypterois serrulata,Brachypterois serrulata,NA,NA
Branchiostegidae,Tilefishes nei,Tilefishes nei - Branchiostegidae,NA,400308
Brown seaweeds,Brown seaweeds,Brown seaweeds,NA,NA
Buglossidium luteum,Solenette,Solenette - Buglossidium luteum,NA,400441
Calappa granulata,Shamefaced crab,Shamefaced crab - Calappa granulata,NA,390013
Callionymus lyra,Dragonet,Dragonet - Callionymus lyra,NA,300060
Cancer bellianus,Toothed rock crab,Toothed rock crab - Cancer bellianus,NA,390013
Cantherhines (=Navodon) spp,Filefishes nei,Filefishes nei - Cantherhines (=Navodon) spp,NA,501677
Caranx spp,"Jacks, Crevalles, nei ","Jacks, Crevalles, nei - Caranx spp",NA,500467
Carassius auratus,Goldfish,Goldfish - Carassius auratus,NA,NA
Carcharhinu falciform,Silky shark,Silky shark - Carcharhinu falciform,NA,600868
Carcinus spp,Carcinus crabs nei,Carcinus crabs nei - Carcinus spp,NA,390013
"Carps, barbels and other cyprinids","Carps, barbels and other cyprinids","Carps, barbels and other cyprinids",NA,100011
Caspialosa spp,Caspian shads,Caspian shads - Caspialosa spp,NA,500352
Cataetyx laticeps,Cataetyx laticeps,Cataetyx laticeps,NA,NA
Centracanthus cirrus,Curled picarel,Curled picarel - Centracanthus cirrus,NA,300060
Centroceras clavulatum,Klein's sole,Klein's sole - Centroceras clavulatum,NA,400441
Centroceras clavulatum,Red panache,Red panache - Centroceras clavulatum,NA,400441
Centrolabrus exoletus,Rock cook,Rock cook - Centrolabrus exoletus,NA,400362
Centropomus spp,Snooks(=Robalos) nei,Snooks(=Robalos) nei - Centropomus spp,NA,500504
Centroscymnus cryptacanthus,Shortnose velvet dogfish,Shortnose velvet dogfish - Centroscymnus cryptacanthus,NA,500107
Cerastoderma glaucum,Olive green cockle,Olive green cockle - Cerastoderma glaucum,NA,490058
Chaceon macphersoni,Pink geryon,Pink geryon - Chaceon macphersoni,NA,590067
Charonia rubicunda,Knobbed triton,Knobbed triton - Charonia rubicunda,NA,690685
Cheilopogon heterurus,Cheilopogon heterurus,Cheilopogon heterurus,NA,400206
Chelidonichthys lastoviza,Streaked gurnard,Streaked gurnard - Chelidonichthys lastoviza,NA,605081
Chelidonichthys obscurus,Longfin gurnard,Longfin gurnard - Chelidonichthys obscurus,NA,500144
Chlamys livida,Scallop,Scallop - Chlamys livida,NA,590120
Chlamys opercularis,Queen scallop,Queen scallop - Chlamys opercularis,NA,590120
Chlamys varia,Variegated scallop,Variegated scallop - Chlamys varia,NA,590120
Chondrichthyes,Cartilaginous fishes nei,Cartilaginous fishes nei - Chondrichthyes,NA,100338
Chondrus crispus,Carragheen (Irish moss),Carragheen (Irish moss) - Chondrus crispus,NA,NA
Circomphalus casinus,Chamber venus,Chamber venus - Circomphalus casinus,NA,290004
Citharidae,Citharids nei,Citharids nei - Citharidae,NA,300061
"Clams, cockles, arkshells","Clams, cockles, arkshells","Clams, cockles, arkshells",NA,100056
Clupeoidei,Clupeoids nei,Clupeoids nei - Clupeoidei,NA,100035
"Cods, hakes, haddocks","Cods, hakes, haddocks","Cods, hakes, haddocks",NA,300044
Conger spp,Conger eels nei,Conger eels nei - Conger spp,NA,400062
Corallium rubrum,Sardinia coral,Sardinia coral - Corallium rubrum,NA,NA
Corals,Corals,Corals,NA,NA
Coregonus clupeaformis,Lake(=Common) whitefish,Lake(=Common) whitefish - Coregonus clupeaformis,NA,506253
Coregonus spp,Whitefishes nei,Whitefishes nei - Coregonus spp,NA,506253
Coryphaena equiselis,Pompano dolphinfish,Pompano dolphinfish - Coryphaena equiselis,NA,500116
Coryphaenidae,Dolphinfishes nei,Dolphinfishes nei - Coryphaenidae,NA,500116
Crangon spp,Crangon shrimps nei,Crangon shrimps nei - Crangon spp,NA,590088
Crassostrea spp,Cupped oysters nei,Cupped oysters nei - Crassostrea spp,NA,590014
Crossocheilus latius,Crossocheilus latius,Crossocheilus latius,NA,NA
Crustaceans and molluscs,Crustaceans and molluscs,Crustaceans and molluscs,NA,NA
Ctenopharyngodon idellus,Grass carp (=White amur),Grass carp (=White amur) - Ctenopharyngodon idellus,NA,NA
Cubiceps gracilis,Driftfish,Driftfish - Cubiceps gracilis,NA,300060
cucumbers nei,Sea,Sea-cucumbers nei - Holothurioidea,NA,290012
Cynoglossus spp,Tonguesole nei,Tonguesole nei - Cynoglossus spp,NA,501026
Dasyatis spp,Stingrays nei,Stingrays nei - Dasyatis spp,NA,500646
Dasyatis violacea,Pelagic stingray,Pelagic stingray - Dasyatis violacea,NA,500646
Deania histricosa,Rough longnose dogfish,Rough longnose dogfish - Deania histricosa,NA,600671
Decapterus spp,Scads nei,Scads nei - Decapterus spp,NA,502102
Dentex spp,Dentex nei,Dentex nei - Dentex spp,NA,500809
Dicentrarchus spp,Seabasses nei,Seabasses nei - Dicentrarchus spp,NA,502682
Dicologoglossa cuneata,Wedge sole,Wedge sole - Dicologoglossa cuneata,NA,600526
Dilsea carnosa,Fleshy dilsea,Fleshy dilsea - Dilsea carnosa,NA,NA
Diopatra neapolitana,Solitary Tube Worm,Solitary Tube Worm - Diopatra neapolitana,NA,NA
Diploconger polystigmatus,Diploconger polystigmatus,Diploconger polystigmatus,NA,400062
Diplodus cervinus,Zebra seabream,Zebra seabream - Diplodus cervinus,NA,602497
Diplodus sargus,White seabream,White seabream - Diplodus sargus,NA,601753
Diplodus spp,Sargo breams nei,Sargo breams nei - Diplodus spp,NA,500705
Dolichosudis fuliginosa,Dolichosudis fuliginosa,Dolichosudis fuliginosa,NA,505460
Donax spp,Donax clams,Donax clams - Donax spp,NA,590128
Donax trunculus,Truncate donax,Truncate donax - Donax trunculus,NA,590128
Dosinia exoleta,Mature dosinia,Mature dosinia - Dosinia exoleta,NA,590129
Dysomma anguillare,Shortbelly eel,Shortbelly eel - Dysomma anguillare,NA,300026
"Eared seals, hair seals, walruses","Eared seals, hair seals, walruses","Eared seals, hair seals, walruses",NA,NA
Eastonia rugosa,Rugose mactra,Rugose mactra - Eastonia rugosa,NA,NA
Echelus myrus,Painted eel,Painted eel - Echelus myrus,NA,300026
Echinodermata,Echinoderms,Echinoderms - Echinodermata,NA,100176
edged lyretail,Yellow,Yellow-edged lyretail - Variola louti,NA,605354
eel,Pygmy shore,Pygmy shore-eel - Alabes parvulus,NA,300026
eel,Pink cusk,Pink cusk-eel - Genypterus blacodes,NA,300026
Eledone cirrosa,Horned octopus,Horned octopus - Eledone cirrosa,NA,690684
Eledone moschata,Musky octopus,Musky octopus - Eledone moschata,NA,590024
Eledone spp,Horned and musky octopuses,Horned and musky octopuses - Eledone spp,NA,590024
Eleginus navaga,Wachna cod (=Navaga),Wachna cod (=Navaga) - Eleginus navaga,NA,400183
Ellopostoma megalomycter,Ellopostoma megalomycter,Ellopostoma megalomycter,NA,NA
Emerald wrasse,Emerald wrasse,Emerald wrasse,NA,400362
Enchelycore anatina,Fangtooth moray,Fangtooth moray - Enchelycore anatina,NA,400056
Epigonus spp,Cardinal fishes nei,Cardinal fishes nei - Epigonus spp,NA,500716
Epinephelus costae,Goldblotch grouper,Goldblotch grouper - Epinephelus costae,NA,500366
Epinephelus spp,Groupers nei,Groupers nei - Epinephelus spp,NA,500366
Eriocheir sinensis,Chinese river crab,Chinese river crab - Eriocheir sinensis,NA,NA
Eriphia verrucosa,Warty crab,Warty crab - Eriphia verrucosa,NA,390013
Erugosquilla massavensis,Red sea mantis shrimp,Red sea mantis shrimp - Erugosquilla massavensis,NA,490052
Etmopterus princeps,Great lanternshark,Great lanternshark - Etmopterus princeps,NA,500642
Etmopterus spp,Lantern sharks nei,Lantern sharks nei - Etmopterus spp,NA,500642
eye,Tube,Tube-eye - Stylephorus chordatus,NA,NA
eye dentex,Large,Large-eye dentex - Dentex macrophthalmus,NA,600438
eye round herring,Red,Red-eye round herring - Etrumeus teres,NA,601455
eyed flounder,Wide,Wide-eyed flounder - Bothus podas,NA,600207
eyed rabbitfish,Large,Large-eyed rabbitfish - Hydrolagus mirabilis,NA,609000
eyed ray,Small,Small-eyed ray - Raja microocellata,NA,605492
Finfish,Finfish,Finfish,NA,100139
Finfish and invertebrates,Finfish and invertebrates,Finfish and invertebrates,NA,NA
Fistularia spp,Flutemouth,Flutemouth - Fistularia spp,NA,400254
Flexopecten glaber,Smooth scallop,Smooth scallop - Flexopecten glaber,NA,490055
"Flounders, halibuts, soles","Flounders, halibuts, soles","Flounders, halibuts, soles",NA,100031
Fragum fragum,White strawberry cockle,White strawberry cockle - Fragum fragum,NA,490058
Freshwater and diadromous fishes,Freshwater and diadromous fishes,Freshwater and diadromous fishes,NA,NA
Freshwater crustaceans,Freshwater crustaceans,Freshwater crustaceans,NA,NA
Freshwater fishes,Freshwater fishes,Freshwater fishes,NA,NA
Freshwater molluscs,Freshwater molluscs,Freshwater molluscs,NA,NA
Fucus spp,Fucus spp,Fucus spp,NA,NA
Furcellaria lumbricalis,Red forkweed,Red forkweed - Furcellaria lumbricalis,NA,NA
Gadiculus argenteus,Silvery pout,Silvery pout - Gadiculus argenteus,NA,600025
Gadus spp,Northern cods nei,Northern cods nei - Gadus spp,NA,300044
Gaidropsarus biscayensis,Mediterranean bigeye rockling,Mediterranean bigeye rockling - Gaidropsarus biscayensis,NA,500686
Gaidropsarus mediterraneus,Shore rockling,Shore rockling - Gaidropsarus mediterraneus,NA,500686
Gaidropsarus spp,Rocklings nei,Rocklings nei - Gaidropsarus spp,NA,500686
Galeus schultzi,Dwarf sawtail catshark,Dwarf sawtail catshark - Galeus schultzi,NA,500640
Gasterosteus spp,Sticklebacks,Sticklebacks - Gasterosteus spp,NA,500130
Gelidium amansii,Japanese isinglass,Japanese isinglass - Gelidium amansii,NA,NA
Gelidium rex,Gelidium rex,Gelidium rex,NA,NA
Gelidium spp,Gelidium seaweeds,Gelidium seaweeds - Gelidium spp,NA,NA
Geryon longipes,Mediterranean geryon,Mediterranean geryon - Geryon longipes,NA,590067
Geryon maritae,West African geryon,West African geryon - Geryon maritae,NA,590067
Geryon quinquedens,Red crab,Red crab - Geryon quinquedens,NA,590067
Geryon spp,Geryons nei,Geryons nei - Geryon spp,NA,590067
Gibbula richardi,Richard's gibbula,Richard's gibbula - Gibbula richardi,NA,NA
Gilchristella aestuarius,Gilchrist's round herring,Gilchrist's round herring - Gilchristella aestuarius,NA,300028
Glauconome virens,Greenish glauconomya,Greenish glauconomya - Glauconome virens,NA,NA
Glaucosoma hebraicum,Westralian jewfish,Westralian jewfish - Glaucosoma hebraicum,NA,614956
Glossanodon leioglossus,Smalltoothed argentine,Smalltoothed argentine - Glossanodon leioglossus,NA,490058
Glycymeris maculata,Speckled bittersweet,Speckled bittersweet - Glycymeris maculata,NA,490058
Glycymeris violacescens,Violet bittersweet,Violet bittersweet - Glycymeris violacescens,NA,490058
Gobius bucchichi,Bucchich's goby,Bucchich's goby - Gobius bucchichi,NA,500120
Gobius cobitis,Giant goby,Giant goby - Gobius cobitis,NA,500120
Gobius strictus,Gobius strictus,Gobius strictus,NA,500120
Gonostomatidae,Bristlemouths,Bristlemouths - Gonostomatidae,NA,NA
Grammicolepis brachiusculus,Thorny tinselfish,Thorny tinselfish - Grammicolepis brachiusculus,NA,NA
Grapsus grapsus,Lightfoot crab,Lightfoot crab - Grapsus grapsus,NA,490097
Gymnammodytes cicerelus,Mediterranean sand eel,Mediterranean sand eel - Gymnammodytes cicerelus,NA,500124
Gymnocephalus cernuu,Ruffe,Ruffe - Gymnocephalus cernuu,NA,604474
Gymnothorax polygonius,Polygon moray,Polygon moray - Gymnothorax polygonius,NA,500384
Haemulidae (=Pomadasyidae),"Grunts, Sweetlips, nei ","Grunts, Sweetlips, nei - Haemulidae (=Pomadasyidae)",NA,400327
head,Risso's smooth,Risso's smooth-head - Alepocephalus rostratus,NA,605071
Helicolenus dactylopteru,Blackbelly rosefish,Blackbelly rosefish - Helicolenus dactylopteru,NA,600076
"Herrings, sardines, anchovies","Herrings, sardines, anchovies","Herrings, sardines, anchovies",NA,100035
Heterocarpus laevigatus,Smooth nylon shrimp,Smooth nylon shrimp - Heterocarpus laevigatus,NA,590090
Himanthalia elongata,Sea thong,Sea thong - Himanthalia elongata,NA,NA
Hinia incrassata,Thickened nassa,Thickened nassa - Hinia incrassata,NA,590110
Hirundichthys rondeletii,Black wing flyingfish,Black wing flyingfish - Hirundichthys rondeletii,NA,400206
Homarus spp,Homarus spp,Homarus spp,NA,100043
Hoplostethus mediterraneus,Mediterranean slimehead,Mediterranean slimehead - Hoplostethus mediterraneus,NA,604964
hound,Spotted estuary smooth,Spotted estuary smooth-hound - Mustelus lenticulatus,NA,605933
hound,Blackspotted smooth,Blackspotted smooth-hound - Mustelus punctulatus,NA,500348
hound,Brown smooth,Brown smooth-hound - Mustelus henlei,NA,602540
hound,Smooth,Smooth-hound - Mustelus mustelus,NA,604996
hounds nei,Smooth,Smooth-hounds nei - Mustelus spp,NA,500348
Hydrolagus spp,Ratfishes nei,Ratfishes nei - Hydrolagus spp,NA,602589
Hymenocephalus italicus,Glasshead grenadier,Glasshead grenadier - Hymenocephalus italicus,NA,400185
Illex spp,Shortfin squids nei,Shortfin squids nei - Illex spp,NA,390002
Isurus spp,Mako sharks,Mako sharks - Isurus spp,NA,500638
iuy mullet,So,So-iuy mullet - Mugil soiuy,NA,604791
Jania adhaerens,Pacific coral moss,Pacific coral moss - Jania adhaerens,NA,NA
Jujubinus exasperatus,Exasperating jujubine,Exasperating jujubine - Jujubinus exasperatus,NA,NA
Labrus bimaculatus,Cuckoo wrasse,Cuckoo wrasse - Labrus bimaculatus,NA,400362
Labrus viridis,Green wrasse,Green wrasse - Labrus viridis,NA,400362
Lagocephalus lagocephalus,Oceanic puffer,Oceanic puffer - Lagocephalus lagocephalus,NA,400448
Laminaria digitata,Tangle,Tangle - Laminaria digitata,NA,NA
Laminaria hyperborea,North European kelp,North European kelp - Laminaria hyperborea,NA,NA
Laminariaceae,Kelps nei,Kelps nei - Laminariaceae,NA,NA
Lampadena speculigera,Lampadena speculigera,Lampadena speculigera,NA,NA
Lampetra fluviatilis,River lamprey,River lamprey - Lampetra fluviatilis,NA,NA
leg swimcrab,Blue,Blue-leg swimcrab - Liocarcinus depurator,NA,690676
Lepidion eques,North Atlantic codling,North Atlantic codling - Lepidion eques,NA,400180
Lepidorhombus spp,Megrims nei,Megrims nei - Lepidorhombus spp,NA,503124
Lepidotrigla dieuzeidei,Spiny gurnard,Spiny gurnard - Lepidotrigla dieuzeidei,NA,500144
leuciscus cepalus,Chub,Chub - leuciscus cepalus,NA,400339
Leuciscus leuciscus,Common dace,Common dace - Leuciscus leuciscus,NA,NA
Leuciscus souffia,Vairone,Vairone - Leuciscus souffia,NA,NA
Liocarcinus vernalis,Smooth swimcrab,Smooth swimcrab - Liocarcinus vernalis,NA,590075
Lithodes spp,King crabs nei,King crabs nei - Lithodes spp,NA,590070
Lithognathus spp,Steenbrasses nei,Steenbrasses nei - Lithognathus spp,NA,501550
Littorina spp,Periwinkles nei,Periwinkles nei - Littorina spp,NA,590049
Liza spp,Liza spp,Liza spp,NA,504212
lobsters,"King crabs, squat","King crabs, squat-lobsters",NA,100044
Loligo forbesi,Veined squid,Veined squid - Loligo forbesi,NA,690595
Loligo reynaudi,Cape Hope squid,Cape Hope squid - Loligo reynaudi,NA,590010
Loligo spp,Common squids nei,Common squids nei - Loligo spp,NA,590010
Lophius spp,Monkfishes nei,Monkfishes nei - Lophius spp,NA,NA
Lucinoma borealis,Northern lucina,Northern lucina - Lucinoma borealis,NA,NA
Lutjanus spp,Snappers nei,Snappers nei - Lutjanus spp,NA,500357
Lutra felina,Marine otter,Marine otter - Lutra felina,NA,NA
Lycodes spp,Eelpouts,Eelpouts - Lycodes spp,NA,501486
Macropipus tuberculatus,Knobby swimcrab,Knobby swimcrab - Macropipus tuberculatus,NA,590075
Macrourus spp,Grenadiers nei,Grenadiers nei - Macrourus spp,NA,500327
Maja spider crabs nei,Maja spider crabs nei,Maja spider crabs nei,NA,NA
Makaira indica,Black marlin,Black marlin - Makaira indica,NA,600217
Marphysa sanguinea,Marphysa sanguinea,Marphysa sanguinea,NA,NA
Melanostigma atlanticum,Atlantic soft pout,Atlantic soft pout - Melanostigma atlanticum,NA,NA
Melanostigma spp,Melanostigma spp,Melanostigma spp,NA,NA
Melanostomias tentaculatus,Melanostomias tentaculatus,Melanostomias tentaculatus,NA,NA
Meretrix spp,Hard clams nei,Hard clams nei - Meretrix spp,NA,590134
Merluccius spp,Hakes nei,Hakes nei - Merluccius spp,NA,500654
Metapenaeus shrimps nei,Metapenaeus shrimps nei,Metapenaeus shrimps nei,NA,590091
Microchirus azevia,Microchirus azevia,Microchirus azevia,NA,501418
Microchirus spp,Thickback soles,Thickback soles - Microchirus spp,NA,501418
Minnivola pyxidata,Box scallop,Box scallop - Minnivola pyxidata,NA,490055
Miscellaneous aquatic animal products,Miscellaneous aquatic animal products,Miscellaneous aquatic animal products,NA,NA
Miscellaneous aquatic animals,Miscellaneous aquatic animals,Miscellaneous aquatic animals,NA,NA
Miscellaneous aquatic invertabrates,Miscellaneous aquatic invertabrates,Miscellaneous aquatic invertabrates,NA,100077
Miscellaneous aquatic mammals,Miscellaneous aquatic mammals,Miscellaneous aquatic mammals,NA,NA
Miscellaneous aquatic plants,Miscellaneous aquatic plants,Miscellaneous aquatic plants,NA,NA
Miscellaneous coastal fishes,Miscellaneous coastal fishes,Miscellaneous coastal fishes,NA,NA
Miscellaneous demersal fishes,Miscellaneous demersal fishes,Miscellaneous demersal fishes,NA,NA
Miscellaneous freshwater fishes,Miscellaneous freshwater fishes,Miscellaneous freshwater fishes,NA,NA
Miscellaneous pelagic fishes,Miscellaneous pelagic fishes,Miscellaneous pelagic fishes,NA,NA
Modiolus spp,Horse mussels nei,Horse mussels nei - Modiolus spp,NA,590116
Mola spp,Sunfish,Sunfish - Mola spp,NA,500358
Mollusca,Marine molluscs nei,Marine molluscs nei - Mollusca,NA,100058
Molluscs,Molluscs,Molluscs,NA,100058
Molva spp,Lings nei,Lings nei - Molva spp,NA,501096
Monochirus hispidus,Whiskered sole,Whiskered sole - Monochirus hispidus,NA,400441
Monodonta labio,Labio monodont,Labio monodont - Monodonta labio,NA,NA
mouthed goby,Red,Red-mouthed goby - Gobius cruentatus,NA,NA
Mugil spp,Mugil spp,Mugil spp,NA,500152
Mullus barbatus,Red mullet,Red mullet - Mullus barbatus,NA,600790
Mullus spp,Surmullets(=Red mullets) nei,Surmullets(=Red mullets) nei - Mullus spp,NA,500143
Munida rugosa,Rugose squat lobster,Rugose squat lobster - Munida rugosa,NA,490124
Muraena spp,Muraena spp,Muraena spp,NA,400056
Murex spp,Murex,Murex - Murex spp,NA,590050
Mycteroperca fusca,Island grouper,Island grouper - Mycteroperca fusca,NA,503028
Mycteroperca spp,Brazilian groupers nei,Brazilian groupers nei - Mycteroperca spp,NA,503028
Myoxocephalus scorpius,Shorthorn sculpin,Shorthorn sculpin - Myoxocephalus scorpius,NA,500717
Myoxocephalus spp,Sculpins,Sculpins - Myoxocephalus spp,NA,500717
Mysticeti,Baleen whales nei,Baleen whales nei - Mysticeti,NA,NA
Mystus nemurus,Asian redtail catfish,Asian redtail catfish - Mystus nemurus,NA,NA
Mytilus spp,Mytilus spp,Mytilus spp,NA,590117
Nassarius gibbosulus,Gibbous nassa,Gibbous nassa - Nassarius gibbosulus,NA,NA
Nassarius mutabilis,Changeable nassa,Changeable nassa - Nassarius mutabilis,NA,NA
Natantia,Natantian decapods nei,Natantian decapods nei - Natantia,NA,100345
Neogobius melanostomus,Round goby,Round goby - Neogobius melanostomus,NA,NA
Nephropidae,"True lobsters,lobsterettes nei ","True lobsters,lobsterettes nei - Nephropidae",NA,NA
Octopoteuthis sicula,Ruppell's octopus squid,Ruppell's octopus squid - Octopoteuthis sicula,NA,490012
Octopus aegina,Sandbird octopus,Sandbird octopus - Octopus aegina,NA,490012
Octopus defilippi,Lilliput longarm octopus,Lilliput longarm octopus - Octopus defilippi,NA,490012
Octopus salutii,Spider octopus,Spider octopus - Octopus salutii,NA,490012
Octopus spp,Octopuses nei,Octopuses nei - Octopus spp,NA,490012
Odontaspis taurus,Sand tiger shark,Sand tiger shark - Odontaspis taurus,NA,600747
Oedalechilus labeo,Boxlip mullet,Boxlip mullet - Oedalechilus labeo,NA,400359
Ommastrephes bartrami,Neon flying squid,Neon flying squid - Ommastrephes bartrami,NA,690470
Ommastrephes caroli,Webbed flying squid,Webbed flying squid - Ommastrephes caroli,NA,390002
Ommastrephes pteropus,Orangeback flying squid,Orangeback flying squid - Ommastrephes pteropus,NA,390002
Ommastrephes spp,Flying squids nei,Flying squids nei - Ommastrephes spp,NA,390002
Ophidion barbatum,Snake blenny,Snake blenny - Ophidion barbatum,NA,NA
Osteichthyes,Pelagic fishes nei,Pelagic fishes nei - Osteichthyes,NA,100339
Osteichthyes,Finfishes nei,Finfishes nei - Osteichthyes,NA,100139
Osteichthyes,Freshwater fishes nei,Freshwater fishes nei - Osteichthyes,NA,NA
Osteichthyes,Groundfishes nei,Groundfishes nei - Osteichthyes,NA,100239
Osteichthyes,Marine fishes nei,Marine fishes nei - Osteichthyes,NA,100039
Ostrea spp,Flat oysters nei,Flat oysters nei - Ostrea spp,NA,590112
Pacifastacus nigrescens,Sooty crayfish,Sooty crayfish - Pacifastacus nigrescens,NA,590060
Pacific gurnards,Indo,Indo-Pacific gurnards - Chelidonichthys spp,NA,500144
Pacific king mackerel,Indo,Indo-Pacific king mackerel - Scomberomorus guttatus,NA,500487
Pacific sailfish,Indo,Indo-Pacific sailfish - Istiophorus platypterus,NA,500488
Pagellus spp,Pandoras nei,Pandoras nei - Pagellus spp,NA,501145
Pagrus spp,Pargo breams nei,Pargo breams nei - Pagrus spp,NA,NA
Palaemon elegans,Rockpool prawn,Rockpool prawn - Palaemon elegans,NA,NA
Palaemon shrimps nei,Palaemon shrimps nei,Palaemon shrimps nei,NA,590092
Palinurus spp,Palinurid spiny lobster nei,Palinurid spiny lobster nei - Palinurus spp,NA,590082
Pampus spp,Silver pomfrets nei,Silver pomfrets nei - Pampus spp,NA,520007
Pandalus spp,Pandalus shrimps nei,Pandalus shrimps nei - Pandalus spp,NA,590093
Paralithodes spp,King crabs,King crabs - Paralithodes spp,NA,590073
Parapandalus narval,Narwal shrimp,Narwal shrimp - Parapandalus narval,NA,NA
Paromola cuvieri,Paromola,Paromola - Paromola cuvieri,NA,NA
Pasiphaea multidentata,Pink glass shrimp,Pink glass shrimp - Pasiphaea multidentata,NA,NA
Pasiphaea sivado,White glass shrimp,White glass shrimp - Pasiphaea sivado,NA,NA
Patella spp,Limpets nei,Limpets nei - Patella spp,NA,590242
Patella ulyssiponensis,Rough limpet,Rough limpet - Patella ulyssiponensis,NA,590242
Patella vulgata,Limpet,Limpet - Patella vulgata,NA,590242
Pellona flavipinnis,Yellowfin river pellona,Yellowfin river pellona - Pellona flavipinnis,NA,NA
Penaeus brasiliensis,Redspotted shrimp,Redspotted shrimp - Penaeus brasiliensis,NA,590096
Penaeus japonicus,Kuruma prawn,Kuruma prawn - Penaeus japonicus,NA,590096
Penaeus kerathurus,Caramote prawn,Caramote prawn - Penaeus kerathurus,NA,590096
Penaeus setiferus,Northern white shrimp,Northern white shrimp - Penaeus setiferus,NA,590096
Penaeus spp,Penaeus shrimps nei,Penaeus shrimps nei - Penaeus spp,NA,590096
Penaeus subtilis,Southern brown shrimp,Southern brown shrimp - Penaeus subtilis,NA,590096
Pennahia argentatus,Silver croaker,Silver croaker - Pennahia argentatus,NA,600434
perch,Pike,Pike-perch - Stizostedion lucioperca,NA,600360
Percoidei,Percoids nei,Percoids nei - Percoidei,NA,NA
Perinereis spp,Perinereis spp,Perinereis spp,NA,NA
Petromyzonidae,Lampreys nei,Lampreys nei - Petromyzonidae,NA,400001
Phaeophyceae,Brown seaweeds,Brown seaweeds - Phaeophyceae,NA,NA
Pholas dactylus,Common piddock,Common piddock - Pholas dactylus,NA,100058
Phycis spp,Forkbeards nei,Forkbeards nei - Phycis spp,NA,509303
Phyllonotus trunculus,Banded murex,Banded murex - Phyllonotus trunculus,NA,590050
Plesionika edwardsii,Striped soldier shrimp,Striped soldier shrimp - Plesionika edwardsii,NA,100345
Plesionika ensis,Striped gladiator shrimp,Striped gladiator shrimp - Plesionika ensis,NA,100345
Plesionika martia,Golden shrimp,Golden shrimp - Plesionika martia,NA,100345
Plesionika spp,Plesionika shrimps nei,Plesionika shrimps nei - Plesionika spp,NA,100345
Plesiopenaeus edwardsian,Scarlet shrimp,Scarlet shrimp - Plesiopenaeus edwardsian,NA,690343
Polybius henslowii,Henslow<U+0092>s swimming crab,Henslow<U+0092>s swimming crab - Polybius henslowii,NA,NA
Polychaeta,Marine worms,Marine worms - Polychaeta,NA,NA
Pomadasys spp,Pomadasys spp,Pomadasys spp,NA,500516
Pomatoschistus minutus,Sand goby,Sand goby - Pomatoschistus minutus,NA,NA
Porphyra linearis,Ribboned nori,Ribboned nori - Porphyra linearis,NA,NA
Portunus spp,Portunus swimcrabs nei,Portunus swimcrabs nei - Portunus spp,NA,590075
Potamotrygon laticeps,Potamotrygon laticeps,Potamotrygon laticeps,NA,NA
Priacanthus spp,Bigeyes nei,Bigeyes nei - Priacanthus spp,NA,500912
Procambarus clarkii,Red swamp crawfish,Red swamp crawfish - Procambarus clarkii,NA,NA
Psetta maxima,Turbot,Turbot - Psetta maxima,NA,601348
Pseudaphya ferreri,Pseudaphya ferreri,Pseudaphya ferreri,NA,NA
Pseudocaranx chilensis,Juan Fernandez trevally,Juan Fernandez trevally - Pseudocaranx chilensis,NA,502100
Pseudocaranx wrighti,Skipjack trevally,Skipjack trevally - Pseudocaranx wrighti,NA,502100
Pseudotolithus spp,West African croakers nei,West African croakers nei - Pseudotolithus spp,NA,503152
Raja alba,White skate,White skate - Raja alba,NA,607613
Raja batis,Blue skate,Blue skate - Raja batis,NA,602058
Raja circularis,Sandy ray,Sandy ray - Raja circularis,NA,607614
Raja fullonica,Shagreen ray,Shagreen ray - Raja fullonica,NA,607619
Raja fyllae,Round ray,Round ray - Raja fyllae,NA,500108
Raja leopardus,Leopard skate,Leopard skate - Raja leopardus,NA,500108
Raja lintea,Sailray,Sailray - Raja lintea,NA,606422
Raja melitensis,Maltese ray,Maltese ray - Raja melitensis,NA,500108
Raja naevus,Cuckoo ray,Cuckoo ray - Raja naevus,NA,604326
Raja nidarosiensis,Norwegian skate,Norwegian skate - Raja nidarosiensis,NA,608900
Raja oxyrinchus,Longnosed skate,Longnosed skate - Raja oxyrinchus,NA,607616
Raja polystigma,Speckled ray,Speckled ray - Raja polystigma,NA,500108
Raja radiata,Starry ray,Starry ray - Raja radiata,NA,500108
Raja radula,Rough ray,Rough ray - Raja radula,NA,500108
Raja spp,Raja rays nei,Raja rays nei - Raja spp,NA,500108
Rapana spp,Sea snails,Sea snails - Rapana spp,NA,590111
rayed wrasse,Scale,Scale-rayed wrasse - Acantholabrus palloni,NA,400362
Red seaweeds,Red seaweeds,Red seaweeds,NA,NA
Reptantia,Lobsters nei,Lobsters nei - Reptantia,NA,NA
Rhinobatos spp,Guitarfishes nei,Guitarfishes nei - Rhinobatos spp,NA,500351
Rhodophyceae,Red seaweeds,Red seaweeds - Rhodophyceae,NA,NA
Rhopilema spp,Jellyfishes,Jellyfishes - Rhopilema spp,NA,590159
Risor ruber,Tusked goby,Tusked goby - Risor ruber,NA,NA
River eels,River eels,River eels,NA,NA
rock lobsters,"Lobsters, spiny","Lobsters, spiny-rock lobsters",NA,100043
Ruditapes spp,Carpet shells nei,Carpet shells nei - Ruditapes spp,NA,590141
Salmo spp,Trouts nei,Trouts nei - Salmo spp,NA,500136
Salmonoidei,Salmonoids nei,Salmonoids nei - Salmonoidei,NA,400076
"Salmons, trouts, smelts","Salmons, trouts, smelts","Salmons, trouts, smelts",NA,NA
Salpidae,Salps,Salps - Salpidae,NA,NA
Salvelinus spp,Chars nei,Chars nei - Salvelinus spp,NA,501410
Sarcocheilichthys nigripinnis,Rainbow gudgeon,Rainbow gudgeon - Sarcocheilichthys nigripinnis,NA,NA
Sarda spp,Bonitos nei,Bonitos nei - Sarda spp,NA,400416
Sardinella spp,Sardinellas nei,Sardinellas nei - Sardinella spp,NA,501940
Sarotherodon galilaeus,Mango tilapia,Mango tilapia - Sarotherodon galilaeus,NA,NA
Scaeurgus unicirrhus,Unihorn octopus,Unihorn octopus - Scaeurgus unicirrhus,NA,NA
scale pomfret,Big,Big-scale pomfret - Taractichthys longipinnis,NA,400319
scale sand smelt,Big,Big-scale sand smelt - Atherina boyeri,NA,601696
scaled gurnard,Large,Large-scaled gurnard - Lepidotrigla cavillone,NA,601722
"Scallops, pectens","Scallops, pectens","Scallops, pectens",NA,590122
Sciaena spp,Meagres nei,Meagres nei - Sciaena spp,NA,NA
Scomber spp,Scomber mackerels nei,Scomber mackerels nei - Scomber spp,NA,500142
Scomberomorus spp,Seerfishes nei,Seerfishes nei - Scomberomorus spp,NA,500487
Scopelogadus beanii,Scopelogadus beanii,Scopelogadus beanii,NA,NA
Scophtalmidae,Turbots nei,Turbots nei - Scophtalmidae,NA,400515
Scorpaena elongata,Slender rockfish,Slender rockfish - Scorpaena elongata,NA,500134
Scorpaena notata,Small red scorpionfish,Small red scorpionfish - Scorpaena notata,NA,500134
Scorpaena spp,"Scorpionfishes, Rockfishes, nei ","Scorpionfishes, Rockfishes, nei - Scorpaena spp",NA,500134
Scyliorhinus cervigoni,West African catshark,West African catshark - Scyliorhinus cervigoni,NA,500814
Scyliorhinus spp,"Catsharks,Nursehounds, nei ","Catsharks,Nursehounds, nei - Scyliorhinus spp",NA,500814
Scyllarus arctus,Lesser slipper lobster,Lesser slipper lobster - Scyllarus arctus,NA,490040
"sea crabs, geryons nei",Deep,"Deep-sea crabs, geryons nei",NA,590067
sea red crab,Deep,Deep-sea red crab - Chaceon affinis,NA,690753
Sebastes marinus,Golden redfish,Golden redfish - Sebastes marinus,NA,600501
Selachimorpha (Pleurotremata),Various sharks nei,Various sharks nei - Selachimorpha (Pleurotremata),NA,200007
Selenaspis dowii,Brown sea catfish,Brown sea catfish - Selenaspis dowii,NA,NA
Sepia elegans,Elegant cuttlefish,Elegant cuttlefish - Sepia elegans,NA,590011
Sepia orbignyana,Pink cuttlefish,Pink cuttlefish - Sepia orbignyana,NA,590011
Sepia spp,Cuttlefishes nei,Cuttlefishes nei - Sepia spp,NA,590011
Sepietta oweniana,Common bobtail squid,Common bobtail squid - Sepietta oweniana,NA,390002
Sepiola bobtail squids nei,Sepiola bobtail squids nei,Sepiola bobtail squids nei,NA,390002
Sepiola rondeleti,Dwarf bobtail squid,Dwarf bobtail squid - Sepiola rondeleti,NA,390002
Seriola carpenteri,Guinean amberjack,Guinean amberjack - Seriola carpenteri,NA,500928
Serranus atricauda,Blacktail comber,Blacktail comber - Serranus atricauda,NA,500901
Serranus hepatus,Brown comber,Brown comber - Serranus hepatus,NA,500901
Serranus spp,Combers nei,Combers nei - Serranus spp,NA,500901
"Sharks, rays, chimaeras","Sharks, rays, chimaeras","Sharks, rays, chimaeras",NA,100338
"Shrimps, prawns","Shrimps, prawns","Shrimps, prawns",NA,100045
Siganus spp,Spinefeet(=Rabbitfishes) nei,Spinefeet(=Rabbitfishes) nei - Siganus spp,NA,400413
Solea lascaris,Sand sole,Sand sole - Solea lascaris,NA,601336
Solea spp,Solea spp,Solea spp,NA,500618
Solen marginatus,European razor clam,European razor clam - Solen marginatus,NA,690126
Solen spp,Razor clams nei,Razor clams nei - Solen spp,NA,590145
Solenoceridae,Solenocerid shrimps nei,Solenocerid shrimps nei - Solenoceridae,NA,100345
Sparus caeruleostictus,Bluespotted seabream,Bluespotted seabream - Sparus caeruleostictus,NA,604540
Sphaerechinus granularis,Violet sea urchin,Violet sea urchin - Sphaerechinus granularis,NA,290011
Sphyraena viridensis,Yellowmouth barracuda,Yellowmouth barracuda - Sphyraena viridensis,NA,500372
Sphyrna corona,Scalloped bonnethead,Scalloped bonnethead - Sphyrna corona,NA,500693
Sphyrna spp,Hammerhead sharks nei,Hammerhead sharks nei - Sphyrna spp,NA,500693
Spicara spp,Picarels nei,Picarels nei - Spicara spp,NA,500679
spiders,"Crabs, sea","Crabs, sea-spiders",NA,NA
spined stickleback,Three,Three-spined stickleback - Gasterosteus aculeatus,NA,602420
Spisula spp,Surf clams nei,Surf clams nei - Spisula spp,NA,590146
Spisula subtruncata,Subtruncate surf clam,Subtruncate surf clam - Spisula subtruncata,NA,590146
Sponges,Sponges,Sponges,NA,NA
Spongidae,Sponges,Sponges - Spongidae,NA,NA
spot megrim,Four,Four-spot megrim - Lepidorhombus boscii,NA,600027
spotted catshark,Small,Small-spotted catshark - Scyliorhinus canicula,NA,600845
spotted goby,Four,Four-spotted goby - Deltentosteus quadrimaculatus,NA,NA
spotted goby,Two,Two-spotted goby  - Gobiusculus flavescens,NA,NA
spotted octopus,White,White-spotted octopus - Octopus macropus,NA,590013
Squalus blainvillei,Longnose spurdog,Longnose spurdog - Squalus blainvillei,NA,600708
Squalus spp,Dogfishes nei,Dogfishes nei - Squalus spp,NA,500107
Squatina aculeata,Sawback angelshark,Sawback angelshark - Squatina aculeata,NA,400015
"Squids, cuttlefishes, octopuses","Squids, cuttlefishes, octopuses","Squids, cuttlefishes, octopuses",NA,290002
squirt,Grooved sea,Grooved sea-squirt - Microcosmus sulcatus,NA,690167
squirts and other tunicates,Sea,Sea-squirts and other tunicates,NA,290005
squirts nei,Sea,Sea-squirts nei - Ascidiacea,NA,290005
Stichopus regalis,Royal cucumber,Royal cucumber - Stichopus regalis,NA,590157
Stomias boa,Boa dragonfish,Boa dragonfish - Stomias boa,NA,400383
Striate pisania,Striate pisania,Striate pisania,NA,NA
Strombus labiatus,Plicate conch,Plicate conch - Strombus labiatus,NA,590051
"Sturgeons, paddlefishes","Sturgeons, paddlefishes","Sturgeons, paddlefishes",NA,100021
Symphodus cinereus,Grey wrasse,Grey wrasse - Symphodus cinereus,NA,400362
Symphodus wrasses nei,Symphodus wrasses nei,Symphodus wrasses nei,NA,400362
Synaphobranchus kaupii,Kaup's arrowtooth eel,Kaup's arrowtooth eel - Synaphobranchus kaupii,NA,300026
Synaptura lusitanica,Portuguese sole,Portuguese sole - Synaptura lusitanica,NA,400441
Taeniura grabata,Round stingray,Round stingray - Taeniura grabata,NA,400020
tail catsharks nei,Crest,Crest-tail catsharks nei - Galeus spp,NA,500640
Tapes decussatus,Grooved carpet shell,Grooved carpet shell - Tapes decussatus,NA,690166
Tellina spp,Tellins nei,Tellins nei - Tellina spp,NA,590262
Tetragonurus cuvieri,Smalleye squaretail,Smalleye squaretail - Tetragonurus cuvieri,NA,300060
Tetrapturus audax,Striped marlin,Striped marlin - Tetrapturus audax,NA,600223
Thunnini,Tunas nei,Tunas nei - Thunnini,NA,400416
Thunnus spp,True tunas nei,True tunas nei - Thunnus spp,NA,501905
Thysanoteuthis rhombus,Diamondback squid,Diamondback squid - Thysanoteuthis rhombus,NA,390002
Tilapias and other cichlids,Tilapias and other cichlids,Tilapias and other cichlids,NA,NA
Todaropsis eblanae,Lesser flying squid,Lesser flying squid - Todaropsis eblanae,NA,390002
Torpedo marmorata,Marbled electric ray,Marbled electric ray - Torpedo marmorata,NA,509274
Torpedo nobilliana,Torpille noire,Torpille noire - Torpedo nobilliana,NA,509274
Torpedo spp,Torpedo rays,Torpedo rays - Torpedo spp,NA,509274
Total fishery products,Total fishery products,Total fishery products,NA,NA
Trachinotus spp,Pompanos nei,Pompanos nei - Trachinotus spp,NA,500598
Trachinus araneus,Spotted weever,Spotted weever - Trachinus araneus,NA,500122
Trachinus spp,Weevers nei,Weevers nei - Trachinus spp,NA,500122
Trachinus vipera,Lesser weever,Lesser weever - Trachinus vipera,NA,500122
Trachurus spp,Jack and horse mackerels nei,Jack and horse mackerels nei - Trachurus spp,NA,500661
Trachyscorpia echinata,Spiny scorpionfish,Spiny scorpionfish - Trachyscorpia echinata,NA,617286
Trichiurus spp,Hairtails nei,Hairtails nei - Trichiurus spp,NA,500114
Trigla spp,Gurnards nei,Gurnards nei - Trigla spp,NA,500144
Triglopsis quadricornis,Fourhorn sculpin,Fourhorn sculpin - Triglopsis quadricornis,NA,604122
Trisopterus nei,Trisopterus nei,Trisopterus nei,NA,NA
"Tunas, bonitos, billfishes","Tunas, bonitos, billfishes","Tunas, bonitos, billfishes",NA,100036
Tylosurus spp,Needlefishes nei,Needlefishes nei - Tylosurus spp,NA,501345
Umbrina ronchus,Fusca drum,Fusca drum - Umbrina ronchus,NA,400331
Umbrina spp,Drums nei,Drums nei - Umbrina spp,NA,400331
Undaria pinnatifida,Wakame,Wakame - Undaria pinnatifida,NA,NA
Uranoscopus spp,Stargazers,Stargazers - Uranoscopus spp,NA,500125
urchin,European edible sea,European edible sea-urchin - Echinus esculentus,NA,690122
urchin,Stony sea,Stony sea-urchin - Paracentrotus lividus,NA,690400
urchins and other echinoderms,Sea,Sea-urchins and other echinoderms,NA,100276
"urchins etc, nei ",Sea,"Sea-urchins etc, nei - Echinoidea",NA,290011
urchins nei,Sea,Sea-urchins nei - Strongylocentrotus spp,NA,590158
Venerupis aurea,Golden carpet shell,Golden carpet shell - Venerupis aurea,NA,590141
Venerupis corrugata,Corrugated venus,Corrugated venus - Venerupis corrugata,NA,NA
Venerupis spp,Venerupis spp,Venerupis spp,NA,NA
Vimba vimba,Vimba bream,Vimba bream - Vimba vimba,NA,503663
water Cape hake,Deep,Deep-water Cape hake - Merluccius paradoxus,NA,601826
water catsharks,Deep,Deep-water catsharks - Apristurus spp,NA,600779
water red snapper,Deep,Deep-water red snapper - Etelis carbunculus,NA,600087
"whales, fin",Blue,"Blue-whales, fin-whales",NA,NA
wrasse,Goldsinny,Goldsinny-wrasse - Ctenolabrus rupestris,NA,600061
Xiphopenaeus spp,Xiphopenaeus shrimps nei,Xiphopenaeus shrimps nei - Xiphopenaeus spp,NA,100045
Zeugopterus punctatus,Black catfishes nei,Black catfishes nei - Zeugopterus punctatus,NA,NA
Zeugopterus punctatus,Topknot,Topknot - Zeugopterus punctatus,NA,NA
Zosterisessor ophiocephalus,Grass goby,Grass goby - Zosterisessor ophiocephalus,NA,NA
